
> narada-lms@1.0.0 lint
> eslint .


C:\Users\kashy\Projects\NaradaLMS\apps\admin-portal\src\app\admin\batches\[id]\page.tsx
  39:11  warning  'context' is assigned a value but never used. Allowed unused vars must match /^_/u            @typescript-eslint/no-unused-vars
  62:11  warning  'updateProficiency' is assigned a value but never used. Allowed unused vars must match /^_/u  @typescript-eslint/no-unused-vars

C:\Users\kashy\Projects\NaradaLMS\apps\admin-portal\src\app\admin\content\page.tsx
  102:9   warning  The 'tracks' logical expression could make the dependencies of useEffect Hook (at line 112) change on every render. To fix this, wrap the initialization of 'tracks' in its own useMemo() Hook  react-hooks/exhaustive-deps
  102:9   warning  The 'tracks' logical expression could make the dependencies of useMemo Hook (at line 122) change on every render. To fix this, wrap the initialization of 'tracks' in its own useMemo() Hook    react-hooks/exhaustive-deps
  556:23  warning  Expected an assignment or function call and instead saw an expression                                                                                                                           @typescript-eslint/no-unused-expressions
  558:23  warning  Expected an assignment or function call and instead saw an expression                                                                                                                           @typescript-eslint/no-unused-expressions

C:\Users\kashy\Projects\NaradaLMS\apps\admin-portal\src\app\admin\layout.tsx
  15:13  warning  Error: Calling setState synchronously within an effect can trigger cascading renders

Effects are intended to synchronize state between React and external systems such as manually updating the DOM, state management libraries, or other platform APIs. In general, the body of an effect should do one or both of the following:
* Update external systems with the latest state from React.
* Subscribe for updates from some external system, calling setState in a callback function when external state changes.

Calling setState synchronously within an effect body causes cascading renders that can hurt performance, and is not recommended. (https://react.dev/learn/you-might-not-need-an-effect).

C:\Users\kashy\Projects\NaradaLMS\apps\admin-portal\src\app\admin\layout.tsx:15:13
  13 |     useEffect(() => {
  14 |         if (!isChapterPage) {
> 15 |             setContentContextLabel(null);
     |             ^^^^^^^^^^^^^^^^^^^^^^ Avoid calling setState() directly within an effect
  16 |         }
  17 |     }, [pathname, isChapterPage]);
  18 |  react-hooks/set-state-in-effect

C:\Users\kashy\Projects\NaradaLMS\apps\admin-portal\src\app\admin\logs\page.tsx
  196:11  warning  The 'logs' logical expression could make the dependencies of useMemo Hook (at line 222) change on every render. To fix this, wrap the initialization of 'logs' in its own useMemo() Hook                                                                                                                                                                                                                                                                                                                                                                                                                                                                                                                                      react-hooks/exhaustive-deps
  196:11  warning  The 'logs' logical expression could make the dependencies of useMemo Hook (at line 239) change on every render. To fix this, wrap the initialization of 'logs' in its own useMemo() Hook                                                                                                                                                                                                                                                                                                                                                                                                                                                                                                                                      react-hooks/exhaustive-deps
  196:11  warning  The 'logs' logical expression could make the dependencies of useMemo Hook (at line 243) change on every render. To fix this, wrap the initialization of 'logs' in its own useMemo() Hook                                                                                                                                                                                                                                                                                                                                                                                                                                                                                                                                      react-hooks/exhaustive-deps
  196:11  warning  The 'logs' logical expression could make the dependencies of useMemo Hook (at line 248) change on every render. To fix this, wrap the initialization of 'logs' in its own useMemo() Hook                                                                                                                                                                                                                                                                                                                                                                                                                                                                                                                                      react-hooks/exhaustive-deps
  251:19  warning  Compilation Skipped: Use of incompatible library

This API returns functions which cannot be memoized without leading to stale UI. To prevent this, by default React Compiler will skip memoizing this component/hook. However, you may see issues if values from this API are passed to other components/hooks that are memoized.

C:\Users\kashy\Projects\NaradaLMS\apps\admin-portal\src\app\admin\logs\page.tsx:251:19
  249 |     );
  250 |
> 251 |     const table = useReactTable({
      |                   ^^^^^^^^^^^^^ TanStack Table's `useReactTable()` API returns functions that cannot be memoized safely
  252 |         data: filteredLogs,
  253 |         columns,
  254 |         state: { sorting },  react-hooks/incompatible-library
  272:11  warning  'hasData' is assigned a value but never used. Allowed unused vars must match /^_/u                                                                                                                                                                                                                                                                                                                                                                                                                                                                                                                                                                                                                                            @typescript-eslint/no-unused-vars

C:\Users\kashy\Projects\NaradaLMS\apps\admin-portal\src\app\admin\tracks\[trackId]\chapters\[chapterId]\page.tsx
   5:29  warning  'Card' is defined but never used. Allowed unused vars must match /^_/u                                            @typescript-eslint/no-unused-vars
  47:8   warning  React Hook useEffect has a missing dependency: 'chapter.track'. Either include it or remove the dependency array  react-hooks/exhaustive-deps

C:\Users\kashy\Projects\NaradaLMS\apps\admin-portal\src\app\content\components\AudioFileManager\AudioFileManager.tsx
   4:5  warning  'Upload' is defined but never used. Allowed unused vars must match /^_/u                       @typescript-eslint/no-unused-vars
  83:9  warning  'setEditingFileName' is assigned a value but never used. Allowed unused vars must match /^_/u  @typescript-eslint/no-unused-vars

C:\Users\kashy\Projects\NaradaLMS\apps\admin-portal\src\app\content\components\ChapterHeader\ChapterHeader.tsx
   2:18  warning  'Badge' is defined but never used. Allowed unused vars must match /^_/u             @typescript-eslint/no-unused-vars
  33:13  warning  'chapter' is assigned a value but never used. Allowed unused vars must match /^_/u  @typescript-eslint/no-unused-vars

C:\Users\kashy\Projects\NaradaLMS\apps\admin-portal\src\app\content\components\MappingTab\FocusMappingView.tsx
  32:5  warning  'mappings' is defined but never used. Allowed unused args must match /^_/u    @typescript-eslint/no-unused-vars
  43:5  warning  'onUndoMark' is defined but never used. Allowed unused args must match /^_/u  @typescript-eslint/no-unused-vars

C:\Users\kashy\Projects\NaradaLMS\apps\admin-portal\src\app\content\components\MappingTab\FocusSessionSetup.tsx
    1:38  warning  'useMemo' is defined but never used. Allowed unused vars must match /^_/u                                                                                                                                                                                                                                                                                                                                                                                                                                                                                                                                                                                                                                                                                                                                                                                                                                                                                                                                                                                                                                                                                                                                                                   @typescript-eslint/no-unused-vars
   82:9   warning  Error: Calling setState synchronously within an effect can trigger cascading renders

Effects are intended to synchronize state between React and external systems such as manually updating the DOM, state management libraries, or other platform APIs. In general, the body of an effect should do one or both of the following:
* Update external systems with the latest state from React.
* Subscribe for updates from some external system, calling setState in a callback function when external state changes.

Calling setState synchronously within an effect body causes cascading renders that can hurt performance, and is not recommended. (https://react.dev/learn/you-might-not-need-an-effect).

C:\Users\kashy\Projects\NaradaLMS\apps\admin-portal\src\app\content\components\MappingTab\FocusSessionSetup.tsx:82:9
  80 |
  81 |     useEffect(() => {
> 82 |         setStartSegmentId(getSmartStartSegmentId(segments, mappings));
     |         ^^^^^^^^^^^^^^^^^ Avoid calling setState() directly within an effect
  83 |     }, [selectedAudioId, segments, mappings, getSmartStartSegmentId]);
  84 |
  85 |     const [startTimestamp, setStartTimestamp] = useState<number>(0);                              react-hooks/set-state-in-effect
   91:17  warning  Error: Calling setState synchronously within an effect can trigger cascading renders

Effects are intended to synchronize state between React and external systems such as manually updating the DOM, state management libraries, or other platform APIs. In general, the body of an effect should do one or both of the following:
* Update external systems with the latest state from React.
* Subscribe for updates from some external system, calling setState in a callback function when external state changes.

Calling setState synchronously within an effect body causes cascading renders that can hurt performance, and is not recommended. (https://react.dev/learn/you-might-not-need-an-effect).

C:\Users\kashy\Projects\NaradaLMS\apps\admin-portal\src\app\content\components\MappingTab\FocusSessionSetup.tsx:91:17
  89 |             const isValid = segments.some(s => s.id === startSegmentId);
  90 |             if (!isValid) {
> 91 |                 setStartSegmentId(segments[0].id);
     |                 ^^^^^^^^^^^^^^^^^ Avoid calling setState() directly within an effect
  92 |             }
  93 |         }
  94 |     }, [segments, startSegmentId]);                                          react-hooks/set-state-in-effect
  104:17  warning  Error: Calling setState synchronously within an effect can trigger cascading renders

Effects are intended to synchronize state between React and external systems such as manually updating the DOM, state management libraries, or other platform APIs. In general, the body of an effect should do one or both of the following:
* Update external systems with the latest state from React.
* Subscribe for updates from some external system, calling setState in a callback function when external state changes.

Calling setState synchronously within an effect body causes cascading renders that can hurt performance, and is not recommended. (https://react.dev/learn/you-might-not-need-an-effect).

C:\Users\kashy\Projects\NaradaLMS\apps\admin-portal\src\app\content\components\MappingTab\FocusSessionSetup.tsx:104:17
  102 |             const prevMapping = mappings.find(m => m.segmentId === prevSegment.id);
  103 |             if (prevMapping) {
> 104 |                 setStartTimestamp(prevMapping.endTime);
      |                 ^^^^^^^^^^^^^^^^^ Avoid calling setState() directly within an effect
  105 |             } else {
  106 |                 setStartTimestamp(0);
  107 |             }  react-hooks/set-state-in-effect
  251:76  warning  'index' is defined but never used. Allowed unused args must match /^_/u                                                                                                                                                                                                                                                                                                                                                                                                                                                                                                                                                                                                                                                                                                                                                                                                                                                                                                                                                                                                                                                                                                                                                                     @typescript-eslint/no-unused-vars

C:\Users\kashy\Projects\NaradaLMS\apps\admin-portal\src\app\content\components\MappingTab\MappingTab.tsx
   1:10  warning  'useState' is defined but never used. Allowed unused vars must match /^_/u               @typescript-eslint/no-unused-vars
   4:5   warning  'Badge' is defined but never used. Allowed unused vars must match /^_/u                  @typescript-eslint/no-unused-vars
  21:15  warning  'Script' is defined but never used. Allowed unused vars must match /^_/u                 @typescript-eslint/no-unused-vars
  38:13  warning  'toast' is assigned a value but never used. Allowed unused vars must match /^_/u         @typescript-eslint/no-unused-vars
  45:9   warning  'saveFileName' is assigned a value but never used. Allowed unused vars must match /^_/u  @typescript-eslint/no-unused-vars

C:\Users\kashy\Projects\NaradaLMS\apps\admin-portal\src\app\content\components\PreviewTab\PreviewTab.tsx
  57:11  warning  The 'textSegments' conditional could make the dependencies of useMemo Hook (at line 101) change on every render. To fix this, wrap the initialization of 'textSegments' in its own useMemo() Hook  react-hooks/exhaustive-deps
  64:11  warning  The 'mappings' conditional could make the dependencies of useCallback Hook (at line 93) change on every render. To fix this, wrap the initialization of 'mappings' in its own useMemo() Hook       react-hooks/exhaustive-deps
  64:11  warning  The 'mappings' conditional could make the dependencies of useMemo Hook (at line 101) change on every render. To fix this, wrap the initialization of 'mappings' in its own useMemo() Hook          react-hooks/exhaustive-deps

C:\Users\kashy\Projects\NaradaLMS\apps\admin-portal\src\app\content\components\TextSegmentationTab\SegmentList.tsx
  1:21  warning  'useMemo' is defined but never used. Allowed unused vars must match /^_/u  @typescript-eslint/no-unused-vars

C:\Users\kashy\Projects\NaradaLMS\apps\admin-portal\src\app\content\components\TextSegmentationTab\SelectableTextPanel.tsx
  112:11  warning  'handleCancel' is assigned a value but never used. Allowed unused vars must match /^_/u  @typescript-eslint/no-unused-vars

C:\Users\kashy\Projects\NaradaLMS\apps\admin-portal\src\app\content\components\TextSegmentationTab\TextSegmentationTab.tsx
  95:22  warning  'chapterId' is assigned a value but never used. Allowed unused vars must match /^_/u  @typescript-eslint/no-unused-vars

C:\Users\kashy\Projects\NaradaLMS\apps\admin-portal\src\app\content\tracks\[trackId]\chapters\[chapterId]\page.tsx
   5:29  warning  'Card' is defined but never used. Allowed unused vars must match /^_/u                                            @typescript-eslint/no-unused-vars
  35:42  warning  'trackId' is assigned a value but never used. Allowed unused vars must match /^_/u                                @typescript-eslint/no-unused-vars
  47:8   warning  React Hook useEffect has a missing dependency: 'chapter.track'. Either include it or remove the dependency array  react-hooks/exhaustive-deps

C:\Users\kashy\Projects\NaradaLMS\apps\admin-portal\src\app\layout.tsx
  18:14  warning  Fast refresh only works when a file only exports components. Use a new file to share constants or functions between components  react-refresh/only-export-components

C:\Users\kashy\Projects\NaradaLMS\apps\admin-portal\src\components\admin\AdminDashboard.tsx
  4:10  warning  'Button' is defined but never used. Allowed unused vars must match /^_/u  @typescript-eslint/no-unused-vars

C:\Users\kashy\Projects\NaradaLMS\apps\admin-portal\src\components\admin\BatchList.tsx
    2:30  warning  'useMemo' is defined but never used. Allowed unused vars must match /^_/u          @typescript-eslint/no-unused-vars
   22:5   warning  'DialogFooter' is defined but never used. Allowed unused vars must match /^_/u     @typescript-eslint/no-unused-vars
   25:5   warning  'DialogTrigger' is defined but never used. Allowed unused vars must match /^_/u    @typescript-eslint/no-unused-vars
  356:11  warning  'router' is assigned a value but never used. Allowed unused vars must match /^_/u  @typescript-eslint/no-unused-vars

C:\Users\kashy\Projects\NaradaLMS\apps\admin-portal\src\components\admin\UserList.tsx
  249:9   warning  React Hook useMemo has missing dependencies: 'handleApprove', 'handleReject', and 'handleToggleStatus'. Either include them or remove the dependency array                                                                                                                                                                                                                                                                                                                                                                                                                                                                                                                                                                   react-hooks/exhaustive-deps
  252:19  warning  Compilation Skipped: Use of incompatible library

This API returns functions which cannot be memoized without leading to stale UI. To prevent this, by default React Compiler will skip memoizing this component/hook. However, you may see issues if values from this API are passed to other components/hooks that are memoized.

C:\Users\kashy\Projects\NaradaLMS\apps\admin-portal\src\components\admin\UserList.tsx:252:19
  250 |     );
  251 |
> 252 |     const table = useReactTable({
      |                   ^^^^^^^^^^^^^ TanStack Table's `useReactTable()` API returns functions that cannot be memoized safely
  253 |         data: users,
  254 |         columns,
  255 |         state: { sorting },  react-hooks/incompatible-library
  261:11  warning  'hasData' is assigned a value but never used. Allowed unused vars must match /^_/u                                                                                                                                                                                                                                                                                                                                                                                                                                                                                                                                                                                                                                           @typescript-eslint/no-unused-vars

C:\Users\kashy\Projects\NaradaLMS\apps\admin-portal\src\components\auth\AdminAuthPage.tsx
   3:27  warning  'useEffect' is defined but never used. Allowed unused vars must match /^_/u        @typescript-eslint/no-unused-vars
   4:21  warning  'useSearchParams' is defined but never used. Allowed unused vars must match /^_/u  @typescript-eslint/no-unused-vars
  15:10  warning  'useAuth' is defined but never used. Allowed unused vars must match /^_/u          @typescript-eslint/no-unused-vars
  23:11  warning  'router' is assigned a value but never used. Allowed unused vars must match /^_/u  @typescript-eslint/no-unused-vars

C:\Users\kashy\Projects\NaradaLMS\apps\admin-portal\src\components\batches\MatrixEvaluationModal.tsx
  36:18  warning  'error' is defined but never used. Allowed unused caught errors must match /^_/u  @typescript-eslint/no-unused-vars

C:\Users\kashy\Projects\NaradaLMS\apps\admin-portal\src\components\batches\UnifiedBatchMatrix.tsx
   54:5   warning  'selectedBatchId' is defined but never used. Allowed unused args must match /^_/u  @typescript-eslint/no-unused-vars
   55:5   warning  'selectedTrackId' is defined but never used. Allowed unused args must match /^_/u  @typescript-eslint/no-unused-vars
  340:41  warning  Unused eslint-disable directive (no problems were reported)
  345:45  warning  Unused eslint-disable directive (no problems were reported)

C:\Users\kashy\Projects\NaradaLMS\apps\admin-portal\src\components\content\TrackListItem.tsx
  7:10  warning  'Badge' is defined but never used. Allowed unused vars must match /^_/u  @typescript-eslint/no-unused-vars

C:\Users\kashy\Projects\NaradaLMS\apps\admin-portal\src\components\instructor\InstructorBatchList.tsx
  254:19  warning  Compilation Skipped: Use of incompatible library

This API returns functions which cannot be memoized without leading to stale UI. To prevent this, by default React Compiler will skip memoizing this component/hook. However, you may see issues if values from this API are passed to other components/hooks that are memoized.

C:\Users\kashy\Projects\NaradaLMS\apps\admin-portal\src\components\instructor\InstructorBatchList.tsx:254:19
  252 |     ];
  253 |
> 254 |     const table = useReactTable({
      |                   ^^^^^^^^^^^^^ TanStack Table's `useReactTable()` API returns functions that cannot be memoized safely
  255 |         data: batches,
  256 |         columns,
  257 |         state: { sorting },  react-hooks/incompatible-library

C:\Users\kashy\Projects\NaradaLMS\apps\admin-portal\src\components\instructor\InstructorStudentList.tsx
  210:19  warning  Compilation Skipped: Use of incompatible library

This API returns functions which cannot be memoized without leading to stale UI. To prevent this, by default React Compiler will skip memoizing this component/hook. However, you may see issues if values from this API are passed to other components/hooks that are memoized.

C:\Users\kashy\Projects\NaradaLMS\apps\admin-portal\src\components\instructor\InstructorStudentList.tsx:210:19
  208 |     ];
  209 |
> 210 |     const table = useReactTable({
      |                   ^^^^^^^^^^^^^ TanStack Table's `useReactTable()` API returns functions that cannot be memoized safely
  211 |         data: students,
  212 |         columns,
  213 |         state: { sorting },  react-hooks/incompatible-library

C:\Users\kashy\Projects\NaradaLMS\apps\admin-portal\src\components\layout\AdminLayout.tsx
  21:5  warning  'useActualRoles' is assigned a value but never used. Allowed unused args must match /^_/u  @typescript-eslint/no-unused-vars

C:\Users\kashy\Projects\NaradaLMS\apps\admin-portal\src\hooks\content\useLocalStorage.ts
  10:23  warning  Error: Calling setState synchronously within an effect can trigger cascading renders

Effects are intended to synchronize state between React and external systems such as manually updating the DOM, state management libraries, or other platform APIs. In general, the body of an effect should do one or both of the following:
* Update external systems with the latest state from React.
* Subscribe for updates from some external system, calling setState in a callback function when external state changes.

Calling setState synchronously within an effect body causes cascading renders that can hurt performance, and is not recommended. (https://react.dev/learn/you-might-not-need-an-effect).

C:\Users\kashy\Projects\NaradaLMS\apps\admin-portal\src\hooks\content\useLocalStorage.ts:10:23
   8 |         try {
   9 |             const item = window.localStorage.getItem(key);
> 10 |             if (item) setStoredValue(JSON.parse(item));
     |                       ^^^^^^^^^^^^^^ Avoid calling setState() directly within an effect
  11 |         } catch (error) {
  12 |             console.error(error);
  13 |         }  react-hooks/set-state-in-effect

C:\Users\kashy\Projects\NaradaLMS\apps\admin-portal\src\hooks\useAuth.ts
  26:9  warning  'error' is assigned a value but never used. Allowed unused vars must match /^_/u  @typescript-eslint/no-unused-vars

C:\Users\kashy\Projects\NaradaLMS\apps\admin-portal\src\lib\content\context\AudioPlayerContext.tsx
  33:17  warning  Fast refresh only works when a file only exports components. Use a new file to share constants or functions between components  react-refresh/only-export-components

C:\Users\kashy\Projects\NaradaLMS\apps\admin-portal\src\lib\content\context\ChapterEditorContext.tsx
  69:17  warning  Fast refresh only works when a file only exports components. Use a new file to share constants or functions between components  react-refresh/only-export-components

C:\Users\kashy\Projects\NaradaLMS\apps\admin-portal\src\lib\content\hooks\useContentEditor.ts
  31:13  warning  Error: Calling setState synchronously within an effect can trigger cascading renders

Effects are intended to synchronize state between React and external systems such as manually updating the DOM, state management libraries, or other platform APIs. In general, the body of an effect should do one or both of the following:
* Update external systems with the latest state from React.
* Subscribe for updates from some external system, calling setState in a callback function when external state changes.

Calling setState synchronously within an effect body causes cascading renders that can hurt performance, and is not recommended. (https://react.dev/learn/you-might-not-need-an-effect).

C:\Users\kashy\Projects\NaradaLMS\apps\admin-portal\src\lib\content\hooks\useContentEditor.ts:31:13
  29 |     useEffect(() => {
  30 |         if (chapter?.content) {
> 31 |             setContent({
     |             ^^^^^^^^^^ Avoid calling setState() directly within an effect
  32 |                 te: chapter.content.te || '',
  33 |                 hi: chapter.content.hi || '',
  34 |                 en: chapter.content.en || '',  react-hooks/set-state-in-effect

C:\Users\kashy\Projects\NaradaLMS\apps\admin-portal\src\lib\content\hooks\useTextSegmentationEditor.ts
  41:13  warning  'chapter' is assigned a value but never used. Allowed unused vars must match /^_/u  @typescript-eslint/no-unused-vars

C:\Users\kashy\Projects\NaradaLMS\apps\student-portal\src\app\(portal)\instructor\batches\[id]\page.tsx
  35:11  warning  'dropEnrollment' is assigned a value but never used. Allowed unused vars must match /^_/u                                                                                                                                                                                                                                                                                                                                                                                                                                                                                                                                                                                                                                                                                                                                                                                                                                                                                                                                                                                                                                                                                                                    @typescript-eslint/no-unused-vars
  38:40  warning  Error: Calling setState synchronously within an effect can trigger cascading renders

Effects are intended to synchronize state between React and external systems such as manually updating the DOM, state management libraries, or other platform APIs. In general, the body of an effect should do one or both of the following:
* Update external systems with the latest state from React.
* Subscribe for updates from some external system, calling setState in a callback function when external state changes.

Calling setState synchronously within an effect body causes cascading renders that can hurt performance, and is not recommended. (https://react.dev/learn/you-might-not-need-an-effect).

C:\Users\kashy\Projects\NaradaLMS\apps\student-portal\src\app\(portal)\instructor\batches\[id]\page.tsx:38:40
  36 |
  37 |     useEffect(() => {
> 38 |         if (batchDetail.data?.trackId) setSelectedTrackId(String(batchDetail.data.trackId));
     |                                        ^^^^^^^^^^^^^^^^^^ Avoid calling setState() directly within an effect
  39 |         else setSelectedTrackId(undefined);
  40 |     }, [batchId, batchDetail.data?.trackId]);
  41 |  react-hooks/set-state-in-effect

C:\Users\kashy\Projects\NaradaLMS\apps\student-portal\src\app\(portal)\layout.tsx
  50:13  warning  Error: Calling setState synchronously within an effect can trigger cascading renders

Effects are intended to synchronize state between React and external systems such as manually updating the DOM, state management libraries, or other platform APIs. In general, the body of an effect should do one or both of the following:
* Update external systems with the latest state from React.
* Subscribe for updates from some external system, calling setState in a callback function when external state changes.

Calling setState synchronously within an effect body causes cascading renders that can hurt performance, and is not recommended. (https://react.dev/learn/you-might-not-need-an-effect).

C:\Users\kashy\Projects\NaradaLMS\apps\student-portal\src\app\(portal)\layout.tsx:50:13
  48 |     useEffect(() => {
  49 |         if (pathname && !pathname.match(/\/learning\/chapter\/\d+/)) {
> 50 |             setContentContextLabel(null);
     |             ^^^^^^^^^^^^^^^^^^^^^^ Avoid calling setState() directly within an effect
  51 |         }
  52 |     }, [pathname]);
  53 |  react-hooks/set-state-in-effect

C:\Users\kashy\Projects\NaradaLMS\apps\student-portal\src\app\(portal)\vedic-learning\page.tsx
  31:59  warning  'track' is defined but never used. Allowed unused args must match /^_/u  @typescript-eslint/no-unused-vars

C:\Users\kashy\Projects\NaradaLMS\apps\student-portal\src\app\layout.tsx
  17:14  warning  Fast refresh only works when a file only exports components. Use a new file to share constants or functions between components  react-refresh/only-export-components

C:\Users\kashy\Projects\NaradaLMS\apps\student-portal\src\components\auth\StudentAuthPage.tsx
   3:27  warning  'useEffect' is defined but never used. Allowed unused vars must match /^_/u        @typescript-eslint/no-unused-vars
  10:24  warning  'CardDescription' is defined but never used. Allowed unused vars must match /^_/u  @typescript-eslint/no-unused-vars
  10:41  warning  'CardHeader' is defined but never used. Allowed unused vars must match /^_/u       @typescript-eslint/no-unused-vars
  10:53  warning  'CardTitle' is defined but never used. Allowed unused vars must match /^_/u        @typescript-eslint/no-unused-vars
  24:11  warning  'router' is assigned a value but never used. Allowed unused vars must match /^_/u  @typescript-eslint/no-unused-vars

C:\Users\kashy\Projects\NaradaLMS\apps\student-portal\src\components\batches\UnifiedBatchMatrix.tsx
  17:5  warning  'selectedBatchId' is defined but never used. Allowed unused args must match /^_/u  @typescript-eslint/no-unused-vars
  18:5  warning  'selectedTrackId' is defined but never used. Allowed unused args must match /^_/u  @typescript-eslint/no-unused-vars

C:\Users\kashy\Projects\NaradaLMS\apps\student-portal\src\components\instructor\InstructorBatchList.tsx
  68:19  warning  Compilation Skipped: Use of incompatible library

This API returns functions which cannot be memoized without leading to stale UI. To prevent this, by default React Compiler will skip memoizing this component/hook. However, you may see issues if values from this API are passed to other components/hooks that are memoized.

C:\Users\kashy\Projects\NaradaLMS\apps\student-portal\src\components\instructor\InstructorBatchList.tsx:68:19
  66 |     ];
  67 |
> 68 |     const table = useReactTable({ data: batches, columns, state: { sorting }, onSortingChange: setSorting, getCoreRowModel: getCoreRowModel(), getSortedRowModel: getSortedRowModel() });
     |                   ^^^^^^^^^^^^^ TanStack Table's `useReactTable()` API returns functions that cannot be memoized safely
  69 |     const tableScrollRef = useRef<HTMLDivElement>(null);
  70 |     const rowModel = table.getRowModel().rows;
  71 |     const useVirtualized = rowModel.length > 30;  react-hooks/incompatible-library

C:\Users\kashy\Projects\NaradaLMS\apps\student-portal\src\components\instructor\InstructorStudentList.tsx
  68:19  warning  Compilation Skipped: Use of incompatible library

This API returns functions which cannot be memoized without leading to stale UI. To prevent this, by default React Compiler will skip memoizing this component/hook. However, you may see issues if values from this API are passed to other components/hooks that are memoized.

C:\Users\kashy\Projects\NaradaLMS\apps\student-portal\src\components\instructor\InstructorStudentList.tsx:68:19
  66 |     ];
  67 |
> 68 |     const table = useReactTable({ data: students, columns, state: { sorting }, onSortingChange: setSorting, getCoreRowModel: getCoreRowModel(), getSortedRowModel: getSortedRowModel() });
     |                   ^^^^^^^^^^^^^ TanStack Table's `useReactTable()` API returns functions that cannot be memoized safely
  69 |     const tableScrollRef = useRef<HTMLDivElement>(null);
  70 |     const rowModel = table.getRowModel().rows;
  71 |     const useVirtualized = rowModel.length > 30;  react-hooks/incompatible-library

C:\Users\kashy\Projects\NaradaLMS\apps\student-portal\src\components\learning\LearnChapter.tsx
    7:3  warning  'Button' is defined but never used. Allowed unused vars must match /^_/u                                                                                                                                                                                                                                                                                                                                                                                                                                                                                                                                                                                                                                                                                                                                                                                                                                                                                                                                                                                                                                                                                                                                                                          @typescript-eslint/no-unused-vars
   83:7  warning  Error: Calling setState synchronously within an effect can trigger cascading renders

Effects are intended to synchronize state between React and external systems such as manually updating the DOM, state management libraries, or other platform APIs. In general, the body of an effect should do one or both of the following:
* Update external systems with the latest state from React.
* Subscribe for updates from some external system, calling setState in a callback function when external state changes.

Calling setState synchronously within an effect body causes cascading renders that can hurt performance, and is not recommended. (https://react.dev/learn/you-might-not-need-an-effect).

C:\Users\kashy\Projects\NaradaLMS\apps\student-portal\src\components\learning\LearnChapter.tsx:83:7
  81 |     const stored = localStorage.getItem("study-learn-mode");
  82 |     if (stored !== null) {
> 83 |       setLearnMode(JSON.parse(stored));
     |       ^^^^^^^^^^^^ Avoid calling setState() directly within an effect
  84 |     }
  85 |   }, []);
  86 |                                                                                                                                                     react-hooks/set-state-in-effect
  185:6  warning  React Hook useEffect has a missing dependency: 'chapter.track'. Either include it or remove the dependency array                                                                                                                                                                                                                                                                                                                                                                                                                                                                                                                                                                                                                                                                                                                                                                                                                                                                                                                                                                                                                                                                                                                                  react-hooks/exhaustive-deps
  190:7  warning  Error: Calling setState synchronously within an effect can trigger cascading renders

Effects are intended to synchronize state between React and external systems such as manually updating the DOM, state management libraries, or other platform APIs. In general, the body of an effect should do one or both of the following:
* Update external systems with the latest state from React.
* Subscribe for updates from some external system, calling setState in a callback function when external state changes.

Calling setState synchronously within an effect body causes cascading renders that can hurt performance, and is not recommended. (https://react.dev/learn/you-might-not-need-an-effect).

C:\Users\kashy\Projects\NaradaLMS\apps\student-portal\src\components\learning\LearnChapter.tsx:190:7
  188 |   useEffect(() => {
  189 |     if (audioFiles.length > 0 && !selectedAudioFileId && previewAudioRef.current) {
> 190 |       setSelectedAudioFileId(audioFiles[0].id);
      |       ^^^^^^^^^^^^^^^^^^^^^^ Avoid calling setState() directly within an effect
  191 |       previewAudioRef.current.src = `/uploads/${audioFiles[0].filename}`;
  192 |     }
  193 |   }, [audioFiles, selectedAudioFileId]);  react-hooks/set-state-in-effect

C:\Users\kashy\Projects\NaradaLMS\apps\student-portal\src\components\learning\text-segmentation\SelectableTextPanel.tsx
  112:11  warning  'handleCancel' is assigned a value but never used. Allowed unused vars must match /^_/u  @typescript-eslint/no-unused-vars

C:\Users\kashy\Projects\NaradaLMS\apps\student-portal\src\hooks\useAuth.ts
  26:9  warning  'error' is assigned a value but never used. Allowed unused vars must match /^_/u  @typescript-eslint/no-unused-vars

C:\Users\kashy\Projects\NaradaLMS\packages\api-client\src\index.ts
   84:18  warning  'error' is defined but never used. Allowed unused caught errors must match /^_/u  @typescript-eslint/no-unused-vars
  119:14  warning  'e' is defined but never used. Allowed unused caught errors must match /^_/u      @typescript-eslint/no-unused-vars

C:\Users\kashy\Projects\NaradaLMS\packages\types\dist\schema.d.ts
    22:12  warning  The `{}` ("empty object") type allows any non-nullish value, including literals like `0` and `""`.
- If that's what you want, disable this lint rule with an inline comment or configure the 'allowObjectTypes' rule option.
- If you want a type meaning "any object", you probably want `object` instead.
- If you want a type meaning "any value", you probably want `unknown` instead  @typescript-eslint/no-empty-object-type
    41:12  warning  The `{}` ("empty object") type allows any non-nullish value, including literals like `0` and `""`.
- If that's what you want, disable this lint rule with an inline comment or configure the 'allowObjectTypes' rule option.
- If you want a type meaning "any object", you probably want `object` instead.
- If you want a type meaning "any value", you probably want `unknown` instead  @typescript-eslint/no-empty-object-type
    60:12  warning  The `{}` ("empty object") type allows any non-nullish value, including literals like `0` and `""`.
- If that's what you want, disable this lint rule with an inline comment or configure the 'allowObjectTypes' rule option.
- If you want a type meaning "any object", you probably want `object` instead.
- If you want a type meaning "any value", you probably want `unknown` instead  @typescript-eslint/no-empty-object-type
    79:12  warning  The `{}` ("empty object") type allows any non-nullish value, including literals like `0` and `""`.
- If that's what you want, disable this lint rule with an inline comment or configure the 'allowObjectTypes' rule option.
- If you want a type meaning "any object", you probably want `object` instead.
- If you want a type meaning "any value", you probably want `unknown` instead  @typescript-eslint/no-empty-object-type
    98:12  warning  The `{}` ("empty object") type allows any non-nullish value, including literals like `0` and `""`.
- If that's what you want, disable this lint rule with an inline comment or configure the 'allowObjectTypes' rule option.
- If you want a type meaning "any object", you probably want `object` instead.
- If you want a type meaning "any value", you probably want `unknown` instead  @typescript-eslint/no-empty-object-type
   117:12  warning  The `{}` ("empty object") type allows any non-nullish value, including literals like `0` and `""`.
- If that's what you want, disable this lint rule with an inline comment or configure the 'allowObjectTypes' rule option.
- If you want a type meaning "any object", you probably want `object` instead.
- If you want a type meaning "any value", you probably want `unknown` instead  @typescript-eslint/no-empty-object-type
   136:12  warning  The `{}` ("empty object") type allows any non-nullish value, including literals like `0` and `""`.
- If that's what you want, disable this lint rule with an inline comment or configure the 'allowObjectTypes' rule option.
- If you want a type meaning "any object", you probably want `object` instead.
- If you want a type meaning "any value", you probably want `unknown` instead  @typescript-eslint/no-empty-object-type
   155:12  warning  The `{}` ("empty object") type allows any non-nullish value, including literals like `0` and `""`.
- If that's what you want, disable this lint rule with an inline comment or configure the 'allowObjectTypes' rule option.
- If you want a type meaning "any object", you probably want `object` instead.
- If you want a type meaning "any value", you probably want `unknown` instead  @typescript-eslint/no-empty-object-type
   187:16  warning  The `{}` ("empty object") type allows any non-nullish value, including literals like `0` and `""`.
- If that's what you want, disable this lint rule with an inline comment or configure the 'allowObjectTypes' rule option.
- If you want a type meaning "any object", you probably want `object` instead.
- If you want a type meaning "any value", you probably want `unknown` instead  @typescript-eslint/no-empty-object-type
   187:20  warning  The `{}` ("empty object") type allows any non-nullish value, including literals like `0` and `""`.
- If that's what you want, disable this lint rule with an inline comment or configure the 'allowObjectTypes' rule option.
- If you want a type meaning "any object", you probably want `object` instead.
- If you want a type meaning "any value", you probably want `unknown` instead  @typescript-eslint/no-empty-object-type
   190:12  warning  The `{}` ("empty object") type allows any non-nullish value, including literals like `0` and `""`.
- If that's what you want, disable this lint rule with an inline comment or configure the 'allowObjectTypes' rule option.
- If you want a type meaning "any object", you probably want `object` instead.
- If you want a type meaning "any value", you probably want `unknown` instead  @typescript-eslint/no-empty-object-type
   198:16  warning  The `{}` ("empty object") type allows any non-nullish value, including literals like `0` and `""`.
- If that's what you want, disable this lint rule with an inline comment or configure the 'allowObjectTypes' rule option.
- If you want a type meaning "any object", you probably want `object` instead.
- If you want a type meaning "any value", you probably want `unknown` instead  @typescript-eslint/no-empty-object-type
   198:20  warning  The `{}` ("empty object") type allows any non-nullish value, including literals like `0` and `""`.
- If that's what you want, disable this lint rule with an inline comment or configure the 'allowObjectTypes' rule option.
- If you want a type meaning "any object", you probably want `object` instead.
- If you want a type meaning "any value", you probably want `unknown` instead  @typescript-eslint/no-empty-object-type
   217:12  warning  The `{}` ("empty object") type allows any non-nullish value, including literals like `0` and `""`.
- If that's what you want, disable this lint rule with an inline comment or configure the 'allowObjectTypes' rule option.
- If you want a type meaning "any object", you probably want `object` instead.
- If you want a type meaning "any value", you probably want `unknown` instead  @typescript-eslint/no-empty-object-type
   236:12  warning  The `{}` ("empty object") type allows any non-nullish value, including literals like `0` and `""`.
- If that's what you want, disable this lint rule with an inline comment or configure the 'allowObjectTypes' rule option.
- If you want a type meaning "any object", you probably want `object` instead.
- If you want a type meaning "any value", you probably want `unknown` instead  @typescript-eslint/no-empty-object-type
   255:12  warning  The `{}` ("empty object") type allows any non-nullish value, including literals like `0` and `""`.
- If that's what you want, disable this lint rule with an inline comment or configure the 'allowObjectTypes' rule option.
- If you want a type meaning "any object", you probably want `object` instead.
- If you want a type meaning "any value", you probably want `unknown` instead  @typescript-eslint/no-empty-object-type
   255:16  warning  The `{}` ("empty object") type allows any non-nullish value, including literals like `0` and `""`.
- If that's what you want, disable this lint rule with an inline comment or configure the 'allowObjectTypes' rule option.
- If you want a type meaning "any object", you probably want `object` instead.
- If you want a type meaning "any value", you probably want `unknown` instead  @typescript-eslint/no-empty-object-type
   272:12  warning  The `{}` ("empty object") type allows any non-nullish value, including literals like `0` and `""`.
- If that's what you want, disable this lint rule with an inline comment or configure the 'allowObjectTypes' rule option.
- If you want a type meaning "any object", you probably want `object` instead.
- If you want a type meaning "any value", you probably want `unknown` instead  @typescript-eslint/no-empty-object-type
   272:16  warning  The `{}` ("empty object") type allows any non-nullish value, including literals like `0` and `""`.
- If that's what you want, disable this lint rule with an inline comment or configure the 'allowObjectTypes' rule option.
- If you want a type meaning "any object", you probably want `object` instead.
- If you want a type meaning "any value", you probably want `unknown` instead  @typescript-eslint/no-empty-object-type
   289:12  warning  The `{}` ("empty object") type allows any non-nullish value, including literals like `0` and `""`.
- If that's what you want, disable this lint rule with an inline comment or configure the 'allowObjectTypes' rule option.
- If you want a type meaning "any object", you probably want `object` instead.
- If you want a type meaning "any value", you probably want `unknown` instead  @typescript-eslint/no-empty-object-type
   308:12  warning  The `{}` ("empty object") type allows any non-nullish value, including literals like `0` and `""`.
- If that's what you want, disable this lint rule with an inline comment or configure the 'allowObjectTypes' rule option.
- If you want a type meaning "any object", you probably want `object` instead.
- If you want a type meaning "any value", you probably want `unknown` instead  @typescript-eslint/no-empty-object-type
   308:16  warning  The `{}` ("empty object") type allows any non-nullish value, including literals like `0` and `""`.
- If that's what you want, disable this lint rule with an inline comment or configure the 'allowObjectTypes' rule option.
- If you want a type meaning "any object", you probably want `object` instead.
- If you want a type meaning "any value", you probably want `unknown` instead  @typescript-eslint/no-empty-object-type
   325:12  warning  The `{}` ("empty object") type allows any non-nullish value, including literals like `0` and `""`.
- If that's what you want, disable this lint rule with an inline comment or configure the 'allowObjectTypes' rule option.
- If you want a type meaning "any object", you probably want `object` instead.
- If you want a type meaning "any value", you probably want `unknown` instead  @typescript-eslint/no-empty-object-type
   325:16  warning  The `{}` ("empty object") type allows any non-nullish value, including literals like `0` and `""`.
- If that's what you want, disable this lint rule with an inline comment or configure the 'allowObjectTypes' rule option.
- If you want a type meaning "any object", you probably want `object` instead.
- If you want a type meaning "any value", you probably want `unknown` instead  @typescript-eslint/no-empty-object-type
   342:12  warning  The `{}` ("empty object") type allows any non-nullish value, including literals like `0` and `""`.
- If that's what you want, disable this lint rule with an inline comment or configure the 'allowObjectTypes' rule option.
- If you want a type meaning "any object", you probably want `object` instead.
- If you want a type meaning "any value", you probably want `unknown` instead  @typescript-eslint/no-empty-object-type
   342:16  warning  The `{}` ("empty object") type allows any non-nullish value, including literals like `0` and `""`.
- If that's what you want, disable this lint rule with an inline comment or configure the 'allowObjectTypes' rule option.
- If you want a type meaning "any object", you probably want `object` instead.
- If you want a type meaning "any value", you probably want `unknown` instead  @typescript-eslint/no-empty-object-type
   366:12  warning  The `{}` ("empty object") type allows any non-nullish value, including literals like `0` and `""`.
- If that's what you want, disable this lint rule with an inline comment or configure the 'allowObjectTypes' rule option.
- If you want a type meaning "any object", you probably want `object` instead.
- If you want a type meaning "any value", you probably want `unknown` instead  @typescript-eslint/no-empty-object-type
   366:16  warning  The `{}` ("empty object") type allows any non-nullish value, including literals like `0` and `""`.
- If that's what you want, disable this lint rule with an inline comment or configure the 'allowObjectTypes' rule option.
- If you want a type meaning "any object", you probably want `object` instead.
- If you want a type meaning "any value", you probably want `unknown` instead  @typescript-eslint/no-empty-object-type
   383:12  warning  The `{}` ("empty object") type allows any non-nullish value, including literals like `0` and `""`.
- If that's what you want, disable this lint rule with an inline comment or configure the 'allowObjectTypes' rule option.
- If you want a type meaning "any object", you probably want `object` instead.
- If you want a type meaning "any value", you probably want `unknown` instead  @typescript-eslint/no-empty-object-type
   383:16  warning  The `{}` ("empty object") type allows any non-nullish value, including literals like `0` and `""`.
- If that's what you want, disable this lint rule with an inline comment or configure the 'allowObjectTypes' rule option.
- If you want a type meaning "any object", you probably want `object` instead.
- If you want a type meaning "any value", you probably want `unknown` instead  @typescript-eslint/no-empty-object-type
   400:12  warning  The `{}` ("empty object") type allows any non-nullish value, including literals like `0` and `""`.
- If that's what you want, disable this lint rule with an inline comment or configure the 'allowObjectTypes' rule option.
- If you want a type meaning "any object", you probably want `object` instead.
- If you want a type meaning "any value", you probably want `unknown` instead  @typescript-eslint/no-empty-object-type
   400:16  warning  The `{}` ("empty object") type allows any non-nullish value, including literals like `0` and `""`.
- If that's what you want, disable this lint rule with an inline comment or configure the 'allowObjectTypes' rule option.
- If you want a type meaning "any object", you probably want `object` instead.
- If you want a type meaning "any value", you probably want `unknown` instead  @typescript-eslint/no-empty-object-type
   417:12  warning  The `{}` ("empty object") type allows any non-nullish value, including literals like `0` and `""`.
- If that's what you want, disable this lint rule with an inline comment or configure the 'allowObjectTypes' rule option.
- If you want a type meaning "any object", you probably want `object` instead.
- If you want a type meaning "any value", you probably want `unknown` instead  @typescript-eslint/no-empty-object-type
   417:16  warning  The `{}` ("empty object") type allows any non-nullish value, including literals like `0` and `""`.
- If that's what you want, disable this lint rule with an inline comment or configure the 'allowObjectTypes' rule option.
- If you want a type meaning "any object", you probably want `object` instead.
- If you want a type meaning "any value", you probably want `unknown` instead  @typescript-eslint/no-empty-object-type
   434:12  warning  The `{}` ("empty object") type allows any non-nullish value, including literals like `0` and `""`.
- If that's what you want, disable this lint rule with an inline comment or configure the 'allowObjectTypes' rule option.
- If you want a type meaning "any object", you probably want `object` instead.
- If you want a type meaning "any value", you probably want `unknown` instead  @typescript-eslint/no-empty-object-type
   453:12  warning  The `{}` ("empty object") type allows any non-nullish value, including literals like `0` and `""`.
- If that's what you want, disable this lint rule with an inline comment or configure the 'allowObjectTypes' rule option.
- If you want a type meaning "any object", you probably want `object` instead.
- If you want a type meaning "any value", you probably want `unknown` instead  @typescript-eslint/no-empty-object-type
   453:16  warning  The `{}` ("empty object") type allows any non-nullish value, including literals like `0` and `""`.
- If that's what you want, disable this lint rule with an inline comment or configure the 'allowObjectTypes' rule option.
- If you want a type meaning "any object", you probably want `object` instead.
- If you want a type meaning "any value", you probably want `unknown` instead  @typescript-eslint/no-empty-object-type
   470:12  warning  The `{}` ("empty object") type allows any non-nullish value, including literals like `0` and `""`.
- If that's what you want, disable this lint rule with an inline comment or configure the 'allowObjectTypes' rule option.
- If you want a type meaning "any object", you probably want `object` instead.
- If you want a type meaning "any value", you probably want `unknown` instead  @typescript-eslint/no-empty-object-type
   470:16  warning  The `{}` ("empty object") type allows any non-nullish value, including literals like `0` and `""`.
- If that's what you want, disable this lint rule with an inline comment or configure the 'allowObjectTypes' rule option.
- If you want a type meaning "any object", you probably want `object` instead.
- If you want a type meaning "any value", you probably want `unknown` instead  @typescript-eslint/no-empty-object-type
   494:12  warning  The `{}` ("empty object") type allows any non-nullish value, including literals like `0` and `""`.
- If that's what you want, disable this lint rule with an inline comment or configure the 'allowObjectTypes' rule option.
- If you want a type meaning "any object", you probably want `object` instead.
- If you want a type meaning "any value", you probably want `unknown` instead  @typescript-eslint/no-empty-object-type
   494:16  warning  The `{}` ("empty object") type allows any non-nullish value, including literals like `0` and `""`.
- If that's what you want, disable this lint rule with an inline comment or configure the 'allowObjectTypes' rule option.
- If you want a type meaning "any object", you probably want `object` instead.
- If you want a type meaning "any value", you probably want `unknown` instead  @typescript-eslint/no-empty-object-type
   511:12  warning  The `{}` ("empty object") type allows any non-nullish value, including literals like `0` and `""`.
- If that's what you want, disable this lint rule with an inline comment or configure the 'allowObjectTypes' rule option.
- If you want a type meaning "any object", you probably want `object` instead.
- If you want a type meaning "any value", you probably want `unknown` instead  @typescript-eslint/no-empty-object-type
   511:16  warning  The `{}` ("empty object") type allows any non-nullish value, including literals like `0` and `""`.
- If that's what you want, disable this lint rule with an inline comment or configure the 'allowObjectTypes' rule option.
- If you want a type meaning "any object", you probably want `object` instead.
- If you want a type meaning "any value", you probably want `unknown` instead  @typescript-eslint/no-empty-object-type
   528:12  warning  The `{}` ("empty object") type allows any non-nullish value, including literals like `0` and `""`.
- If that's what you want, disable this lint rule with an inline comment or configure the 'allowObjectTypes' rule option.
- If you want a type meaning "any object", you probably want `object` instead.
- If you want a type meaning "any value", you probably want `unknown` instead  @typescript-eslint/no-empty-object-type
   528:16  warning  The `{}` ("empty object") type allows any non-nullish value, including literals like `0` and `""`.
- If that's what you want, disable this lint rule with an inline comment or configure the 'allowObjectTypes' rule option.
- If you want a type meaning "any object", you probably want `object` instead.
- If you want a type meaning "any value", you probably want `unknown` instead  @typescript-eslint/no-empty-object-type
   545:12  warning  The `{}` ("empty object") type allows any non-nullish value, including literals like `0` and `""`.
- If that's what you want, disable this lint rule with an inline comment or configure the 'allowObjectTypes' rule option.
- If you want a type meaning "any object", you probably want `object` instead.
- If you want a type meaning "any value", you probably want `unknown` instead  @typescript-eslint/no-empty-object-type
   545:16  warning  The `{}` ("empty object") type allows any non-nullish value, including literals like `0` and `""`.
- If that's what you want, disable this lint rule with an inline comment or configure the 'allowObjectTypes' rule option.
- If you want a type meaning "any object", you probably want `object` instead.
- If you want a type meaning "any value", you probably want `unknown` instead  @typescript-eslint/no-empty-object-type
   562:12  warning  The `{}` ("empty object") type allows any non-nullish value, including literals like `0` and `""`.
- If that's what you want, disable this lint rule with an inline comment or configure the 'allowObjectTypes' rule option.
- If you want a type meaning "any object", you probably want `object` instead.
- If you want a type meaning "any value", you probably want `unknown` instead  @typescript-eslint/no-empty-object-type
   585:12  warning  The `{}` ("empty object") type allows any non-nullish value, including literals like `0` and `""`.
- If that's what you want, disable this lint rule with an inline comment or configure the 'allowObjectTypes' rule option.
- If you want a type meaning "any object", you probably want `object` instead.
- If you want a type meaning "any value", you probably want `unknown` instead  @typescript-eslint/no-empty-object-type
   608:12  warning  The `{}` ("empty object") type allows any non-nullish value, including literals like `0` and `""`.
- If that's what you want, disable this lint rule with an inline comment or configure the 'allowObjectTypes' rule option.
- If you want a type meaning "any object", you probably want `object` instead.
- If you want a type meaning "any value", you probably want `unknown` instead  @typescript-eslint/no-empty-object-type
   608:16  warning  The `{}` ("empty object") type allows any non-nullish value, including literals like `0` and `""`.
- If that's what you want, disable this lint rule with an inline comment or configure the 'allowObjectTypes' rule option.
- If you want a type meaning "any object", you probably want `object` instead.
- If you want a type meaning "any value", you probably want `unknown` instead  @typescript-eslint/no-empty-object-type
   625:12  warning  The `{}` ("empty object") type allows any non-nullish value, including literals like `0` and `""`.
- If that's what you want, disable this lint rule with an inline comment or configure the 'allowObjectTypes' rule option.
- If you want a type meaning "any object", you probably want `object` instead.
- If you want a type meaning "any value", you probably want `unknown` instead  @typescript-eslint/no-empty-object-type
   625:16  warning  The `{}` ("empty object") type allows any non-nullish value, including literals like `0` and `""`.
- If that's what you want, disable this lint rule with an inline comment or configure the 'allowObjectTypes' rule option.
- If you want a type meaning "any object", you probably want `object` instead.
- If you want a type meaning "any value", you probably want `unknown` instead  @typescript-eslint/no-empty-object-type
   642:12  warning  The `{}` ("empty object") type allows any non-nullish value, including literals like `0` and `""`.
- If that's what you want, disable this lint rule with an inline comment or configure the 'allowObjectTypes' rule option.
- If you want a type meaning "any object", you probably want `object` instead.
- If you want a type meaning "any value", you probably want `unknown` instead  @typescript-eslint/no-empty-object-type
   661:12  warning  The `{}` ("empty object") type allows any non-nullish value, including literals like `0` and `""`.
- If that's what you want, disable this lint rule with an inline comment or configure the 'allowObjectTypes' rule option.
- If you want a type meaning "any object", you probably want `object` instead.
- If you want a type meaning "any value", you probably want `unknown` instead  @typescript-eslint/no-empty-object-type
   680:12  warning  The `{}` ("empty object") type allows any non-nullish value, including literals like `0` and `""`.
- If that's what you want, disable this lint rule with an inline comment or configure the 'allowObjectTypes' rule option.
- If you want a type meaning "any object", you probably want `object` instead.
- If you want a type meaning "any value", you probably want `unknown` instead  @typescript-eslint/no-empty-object-type
   680:16  warning  The `{}` ("empty object") type allows any non-nullish value, including literals like `0` and `""`.
- If that's what you want, disable this lint rule with an inline comment or configure the 'allowObjectTypes' rule option.
- If you want a type meaning "any object", you probably want `object` instead.
- If you want a type meaning "any value", you probably want `unknown` instead  @typescript-eslint/no-empty-object-type
   697:12  warning  The `{}` ("empty object") type allows any non-nullish value, including literals like `0` and `""`.
- If that's what you want, disable this lint rule with an inline comment or configure the 'allowObjectTypes' rule option.
- If you want a type meaning "any object", you probably want `object` instead.
- If you want a type meaning "any value", you probably want `unknown` instead  @typescript-eslint/no-empty-object-type
   697:16  warning  The `{}` ("empty object") type allows any non-nullish value, including literals like `0` and `""`.
- If that's what you want, disable this lint rule with an inline comment or configure the 'allowObjectTypes' rule option.
- If you want a type meaning "any object", you probably want `object` instead.
- If you want a type meaning "any value", you probably want `unknown` instead  @typescript-eslint/no-empty-object-type
   721:12  warning  The `{}` ("empty object") type allows any non-nullish value, including literals like `0` and `""`.
- If that's what you want, disable this lint rule with an inline comment or configure the 'allowObjectTypes' rule option.
- If you want a type meaning "any object", you probably want `object` instead.
- If you want a type meaning "any value", you probably want `unknown` instead  @typescript-eslint/no-empty-object-type
   721:16  warning  The `{}` ("empty object") type allows any non-nullish value, including literals like `0` and `""`.
- If that's what you want, disable this lint rule with an inline comment or configure the 'allowObjectTypes' rule option.
- If you want a type meaning "any object", you probably want `object` instead.
- If you want a type meaning "any value", you probably want `unknown` instead  @typescript-eslint/no-empty-object-type
   738:12  warning  The `{}` ("empty object") type allows any non-nullish value, including literals like `0` and `""`.
- If that's what you want, disable this lint rule with an inline comment or configure the 'allowObjectTypes' rule option.
- If you want a type meaning "any object", you probably want `object` instead.
- If you want a type meaning "any value", you probably want `unknown` instead  @typescript-eslint/no-empty-object-type
   738:16  warning  The `{}` ("empty object") type allows any non-nullish value, including literals like `0` and `""`.
- If that's what you want, disable this lint rule with an inline comment or configure the 'allowObjectTypes' rule option.
- If you want a type meaning "any object", you probably want `object` instead.
- If you want a type meaning "any value", you probably want `unknown` instead  @typescript-eslint/no-empty-object-type
   755:12  warning  The `{}` ("empty object") type allows any non-nullish value, including literals like `0` and `""`.
- If that's what you want, disable this lint rule with an inline comment or configure the 'allowObjectTypes' rule option.
- If you want a type meaning "any object", you probably want `object` instead.
- If you want a type meaning "any value", you probably want `unknown` instead  @typescript-eslint/no-empty-object-type
   755:16  warning  The `{}` ("empty object") type allows any non-nullish value, including literals like `0` and `""`.
- If that's what you want, disable this lint rule with an inline comment or configure the 'allowObjectTypes' rule option.
- If you want a type meaning "any object", you probably want `object` instead.
- If you want a type meaning "any value", you probably want `unknown` instead  @typescript-eslint/no-empty-object-type
   772:12  warning  The `{}` ("empty object") type allows any non-nullish value, including literals like `0` and `""`.
- If that's what you want, disable this lint rule with an inline comment or configure the 'allowObjectTypes' rule option.
- If you want a type meaning "any object", you probably want `object` instead.
- If you want a type meaning "any value", you probably want `unknown` instead  @typescript-eslint/no-empty-object-type
   772:16  warning  The `{}` ("empty object") type allows any non-nullish value, including literals like `0` and `""`.
- If that's what you want, disable this lint rule with an inline comment or configure the 'allowObjectTypes' rule option.
- If you want a type meaning "any object", you probably want `object` instead.
- If you want a type meaning "any value", you probably want `unknown` instead  @typescript-eslint/no-empty-object-type
   789:12  warning  The `{}` ("empty object") type allows any non-nullish value, including literals like `0` and `""`.
- If that's what you want, disable this lint rule with an inline comment or configure the 'allowObjectTypes' rule option.
- If you want a type meaning "any object", you probably want `object` instead.
- If you want a type meaning "any value", you probably want `unknown` instead  @typescript-eslint/no-empty-object-type
   789:16  warning  The `{}` ("empty object") type allows any non-nullish value, including literals like `0` and `""`.
- If that's what you want, disable this lint rule with an inline comment or configure the 'allowObjectTypes' rule option.
- If you want a type meaning "any object", you probably want `object` instead.
- If you want a type meaning "any value", you probably want `unknown` instead  @typescript-eslint/no-empty-object-type
   806:12  warning  The `{}` ("empty object") type allows any non-nullish value, including literals like `0` and `""`.
- If that's what you want, disable this lint rule with an inline comment or configure the 'allowObjectTypes' rule option.
- If you want a type meaning "any object", you probably want `object` instead.
- If you want a type meaning "any value", you probably want `unknown` instead  @typescript-eslint/no-empty-object-type
   806:16  warning  The `{}` ("empty object") type allows any non-nullish value, including literals like `0` and `""`.
- If that's what you want, disable this lint rule with an inline comment or configure the 'allowObjectTypes' rule option.
- If you want a type meaning "any object", you probably want `object` instead.
- If you want a type meaning "any value", you probably want `unknown` instead  @typescript-eslint/no-empty-object-type
   823:12  warning  The `{}` ("empty object") type allows any non-nullish value, including literals like `0` and `""`.
- If that's what you want, disable this lint rule with an inline comment or configure the 'allowObjectTypes' rule option.
- If you want a type meaning "any object", you probably want `object` instead.
- If you want a type meaning "any value", you probably want `unknown` instead  @typescript-eslint/no-empty-object-type
   823:16  warning  The `{}` ("empty object") type allows any non-nullish value, including literals like `0` and `""`.
- If that's what you want, disable this lint rule with an inline comment or configure the 'allowObjectTypes' rule option.
- If you want a type meaning "any object", you probably want `object` instead.
- If you want a type meaning "any value", you probably want `unknown` instead  @typescript-eslint/no-empty-object-type
   840:12  warning  The `{}` ("empty object") type allows any non-nullish value, including literals like `0` and `""`.
- If that's what you want, disable this lint rule with an inline comment or configure the 'allowObjectTypes' rule option.
- If you want a type meaning "any object", you probably want `object` instead.
- If you want a type meaning "any value", you probably want `unknown` instead  @typescript-eslint/no-empty-object-type
   859:12  warning  The `{}` ("empty object") type allows any non-nullish value, including literals like `0` and `""`.
- If that's what you want, disable this lint rule with an inline comment or configure the 'allowObjectTypes' rule option.
- If you want a type meaning "any object", you probably want `object` instead.
- If you want a type meaning "any value", you probably want `unknown` instead  @typescript-eslint/no-empty-object-type
   878:12  warning  The `{}` ("empty object") type allows any non-nullish value, including literals like `0` and `""`.
- If that's what you want, disable this lint rule with an inline comment or configure the 'allowObjectTypes' rule option.
- If you want a type meaning "any object", you probably want `object` instead.
- If you want a type meaning "any value", you probably want `unknown` instead  @typescript-eslint/no-empty-object-type
   878:16  warning  The `{}` ("empty object") type allows any non-nullish value, including literals like `0` and `""`.
- If that's what you want, disable this lint rule with an inline comment or configure the 'allowObjectTypes' rule option.
- If you want a type meaning "any object", you probably want `object` instead.
- If you want a type meaning "any value", you probably want `unknown` instead  @typescript-eslint/no-empty-object-type
   902:12  warning  The `{}` ("empty object") type allows any non-nullish value, including literals like `0` and `""`.
- If that's what you want, disable this lint rule with an inline comment or configure the 'allowObjectTypes' rule option.
- If you want a type meaning "any object", you probably want `object` instead.
- If you want a type meaning "any value", you probably want `unknown` instead  @typescript-eslint/no-empty-object-type
   902:16  warning  The `{}` ("empty object") type allows any non-nullish value, including literals like `0` and `""`.
- If that's what you want, disable this lint rule with an inline comment or configure the 'allowObjectTypes' rule option.
- If you want a type meaning "any object", you probably want `object` instead.
- If you want a type meaning "any value", you probably want `unknown` instead  @typescript-eslint/no-empty-object-type
   919:12  warning  The `{}` ("empty object") type allows any non-nullish value, including literals like `0` and `""`.
- If that's what you want, disable this lint rule with an inline comment or configure the 'allowObjectTypes' rule option.
- If you want a type meaning "any object", you probably want `object` instead.
- If you want a type meaning "any value", you probably want `unknown` instead  @typescript-eslint/no-empty-object-type
   919:16  warning  The `{}` ("empty object") type allows any non-nullish value, including literals like `0` and `""`.
- If that's what you want, disable this lint rule with an inline comment or configure the 'allowObjectTypes' rule option.
- If you want a type meaning "any object", you probably want `object` instead.
- If you want a type meaning "any value", you probably want `unknown` instead  @typescript-eslint/no-empty-object-type
   936:12  warning  The `{}` ("empty object") type allows any non-nullish value, including literals like `0` and `""`.
- If that's what you want, disable this lint rule with an inline comment or configure the 'allowObjectTypes' rule option.
- If you want a type meaning "any object", you probably want `object` instead.
- If you want a type meaning "any value", you probably want `unknown` instead  @typescript-eslint/no-empty-object-type
   955:12  warning  The `{}` ("empty object") type allows any non-nullish value, including literals like `0` and `""`.
- If that's what you want, disable this lint rule with an inline comment or configure the 'allowObjectTypes' rule option.
- If you want a type meaning "any object", you probably want `object` instead.
- If you want a type meaning "any value", you probably want `unknown` instead  @typescript-eslint/no-empty-object-type
   955:16  warning  The `{}` ("empty object") type allows any non-nullish value, including literals like `0` and `""`.
- If that's what you want, disable this lint rule with an inline comment or configure the 'allowObjectTypes' rule option.
- If you want a type meaning "any object", you probably want `object` instead.
- If you want a type meaning "any value", you probably want `unknown` instead  @typescript-eslint/no-empty-object-type
   972:12  warning  The `{}` ("empty object") type allows any non-nullish value, including literals like `0` and `""`.
- If that's what you want, disable this lint rule with an inline comment or configure the 'allowObjectTypes' rule option.
- If you want a type meaning "any object", you probably want `object` instead.
- If you want a type meaning "any value", you probably want `unknown` instead  @typescript-eslint/no-empty-object-type
   972:16  warning  The `{}` ("empty object") type allows any non-nullish value, including literals like `0` and `""`.
- If that's what you want, disable this lint rule with an inline comment or configure the 'allowObjectTypes' rule option.
- If you want a type meaning "any object", you probably want `object` instead.
- If you want a type meaning "any value", you probably want `unknown` instead  @typescript-eslint/no-empty-object-type
   989:12  warning  The `{}` ("empty object") type allows any non-nullish value, including literals like `0` and `""`.
- If that's what you want, disable this lint rule with an inline comment or configure the 'allowObjectTypes' rule option.
- If you want a type meaning "any object", you probably want `object` instead.
- If you want a type meaning "any value", you probably want `unknown` instead  @typescript-eslint/no-empty-object-type
   989:16  warning  The `{}` ("empty object") type allows any non-nullish value, including literals like `0` and `""`.
- If that's what you want, disable this lint rule with an inline comment or configure the 'allowObjectTypes' rule option.
- If you want a type meaning "any object", you probably want `object` instead.
- If you want a type meaning "any value", you probably want `unknown` instead  @typescript-eslint/no-empty-object-type
  1006:12  warning  The `{}` ("empty object") type allows any non-nullish value, including literals like `0` and `""`.
- If that's what you want, disable this lint rule with an inline comment or configure the 'allowObjectTypes' rule option.
- If you want a type meaning "any object", you probably want `object` instead.
- If you want a type meaning "any value", you probably want `unknown` instead  @typescript-eslint/no-empty-object-type
  1025:12  warning  The `{}` ("empty object") type allows any non-nullish value, including literals like `0` and `""`.
- If that's what you want, disable this lint rule with an inline comment or configure the 'allowObjectTypes' rule option.
- If you want a type meaning "any object", you probably want `object` instead.
- If you want a type meaning "any value", you probably want `unknown` instead  @typescript-eslint/no-empty-object-type
  1025:16  warning  The `{}` ("empty object") type allows any non-nullish value, including literals like `0` and `""`.
- If that's what you want, disable this lint rule with an inline comment or configure the 'allowObjectTypes' rule option.
- If you want a type meaning "any object", you probably want `object` instead.
- If you want a type meaning "any value", you probably want `unknown` instead  @typescript-eslint/no-empty-object-type
  1049:12  warning  The `{}` ("empty object") type allows any non-nullish value, including literals like `0` and `""`.
- If that's what you want, disable this lint rule with an inline comment or configure the 'allowObjectTypes' rule option.
- If you want a type meaning "any object", you probably want `object` instead.
- If you want a type meaning "any value", you probably want `unknown` instead  @typescript-eslint/no-empty-object-type
  1049:16  warning  The `{}` ("empty object") type allows any non-nullish value, including literals like `0` and `""`.
- If that's what you want, disable this lint rule with an inline comment or configure the 'allowObjectTypes' rule option.
- If you want a type meaning "any object", you probably want `object` instead.
- If you want a type meaning "any value", you probably want `unknown` instead  @typescript-eslint/no-empty-object-type
  1066:12  warning  The `{}` ("empty object") type allows any non-nullish value, including literals like `0` and `""`.
- If that's what you want, disable this lint rule with an inline comment or configure the 'allowObjectTypes' rule option.
- If you want a type meaning "any object", you probably want `object` instead.
- If you want a type meaning "any value", you probably want `unknown` instead  @typescript-eslint/no-empty-object-type
  1066:16  warning  The `{}` ("empty object") type allows any non-nullish value, including literals like `0` and `""`.
- If that's what you want, disable this lint rule with an inline comment or configure the 'allowObjectTypes' rule option.
- If you want a type meaning "any object", you probably want `object` instead.
- If you want a type meaning "any value", you probably want `unknown` instead  @typescript-eslint/no-empty-object-type
  1083:12  warning  The `{}` ("empty object") type allows any non-nullish value, including literals like `0` and `""`.
- If that's what you want, disable this lint rule with an inline comment or configure the 'allowObjectTypes' rule option.
- If you want a type meaning "any object", you probably want `object` instead.
- If you want a type meaning "any value", you probably want `unknown` instead  @typescript-eslint/no-empty-object-type
  1083:16  warning  The `{}` ("empty object") type allows any non-nullish value, including literals like `0` and `""`.
- If that's what you want, disable this lint rule with an inline comment or configure the 'allowObjectTypes' rule option.
- If you want a type meaning "any object", you probably want `object` instead.
- If you want a type meaning "any value", you probably want `unknown` instead  @typescript-eslint/no-empty-object-type
  1100:12  warning  The `{}` ("empty object") type allows any non-nullish value, including literals like `0` and `""`.
- If that's what you want, disable this lint rule with an inline comment or configure the 'allowObjectTypes' rule option.
- If you want a type meaning "any object", you probably want `object` instead.
- If you want a type meaning "any value", you probably want `unknown` instead  @typescript-eslint/no-empty-object-type
  1100:16  warning  The `{}` ("empty object") type allows any non-nullish value, including literals like `0` and `""`.
- If that's what you want, disable this lint rule with an inline comment or configure the 'allowObjectTypes' rule option.
- If you want a type meaning "any object", you probably want `object` instead.
- If you want a type meaning "any value", you probably want `unknown` instead  @typescript-eslint/no-empty-object-type
  1117:12  warning  The `{}` ("empty object") type allows any non-nullish value, including literals like `0` and `""`.
- If that's what you want, disable this lint rule with an inline comment or configure the 'allowObjectTypes' rule option.
- If you want a type meaning "any object", you probably want `object` instead.
- If you want a type meaning "any value", you probably want `unknown` instead  @typescript-eslint/no-empty-object-type
  1117:16  warning  The `{}` ("empty object") type allows any non-nullish value, including literals like `0` and `""`.
- If that's what you want, disable this lint rule with an inline comment or configure the 'allowObjectTypes' rule option.
- If you want a type meaning "any object", you probably want `object` instead.
- If you want a type meaning "any value", you probably want `unknown` instead  @typescript-eslint/no-empty-object-type
  1134:12  warning  The `{}` ("empty object") type allows any non-nullish value, including literals like `0` and `""`.
- If that's what you want, disable this lint rule with an inline comment or configure the 'allowObjectTypes' rule option.
- If you want a type meaning "any object", you probably want `object` instead.
- If you want a type meaning "any value", you probably want `unknown` instead  @typescript-eslint/no-empty-object-type
  1153:12  warning  The `{}` ("empty object") type allows any non-nullish value, including literals like `0` and `""`.
- If that's what you want, disable this lint rule with an inline comment or configure the 'allowObjectTypes' rule option.
- If you want a type meaning "any object", you probably want `object` instead.
- If you want a type meaning "any value", you probably want `unknown` instead  @typescript-eslint/no-empty-object-type
  1153:16  warning  The `{}` ("empty object") type allows any non-nullish value, including literals like `0` and `""`.
- If that's what you want, disable this lint rule with an inline comment or configure the 'allowObjectTypes' rule option.
- If you want a type meaning "any object", you probably want `object` instead.
- If you want a type meaning "any value", you probably want `unknown` instead  @typescript-eslint/no-empty-object-type
  1177:12  warning  The `{}` ("empty object") type allows any non-nullish value, including literals like `0` and `""`.
- If that's what you want, disable this lint rule with an inline comment or configure the 'allowObjectTypes' rule option.
- If you want a type meaning "any object", you probably want `object` instead.
- If you want a type meaning "any value", you probably want `unknown` instead  @typescript-eslint/no-empty-object-type
  1177:16  warning  The `{}` ("empty object") type allows any non-nullish value, including literals like `0` and `""`.
- If that's what you want, disable this lint rule with an inline comment or configure the 'allowObjectTypes' rule option.
- If you want a type meaning "any object", you probably want `object` instead.
- If you want a type meaning "any value", you probably want `unknown` instead  @typescript-eslint/no-empty-object-type
  1194:12  warning  The `{}` ("empty object") type allows any non-nullish value, including literals like `0` and `""`.
- If that's what you want, disable this lint rule with an inline comment or configure the 'allowObjectTypes' rule option.
- If you want a type meaning "any object", you probably want `object` instead.
- If you want a type meaning "any value", you probably want `unknown` instead  @typescript-eslint/no-empty-object-type
  1194:16  warning  The `{}` ("empty object") type allows any non-nullish value, including literals like `0` and `""`.
- If that's what you want, disable this lint rule with an inline comment or configure the 'allowObjectTypes' rule option.
- If you want a type meaning "any object", you probably want `object` instead.
- If you want a type meaning "any value", you probably want `unknown` instead  @typescript-eslint/no-empty-object-type
  1211:12  warning  The `{}` ("empty object") type allows any non-nullish value, including literals like `0` and `""`.
- If that's what you want, disable this lint rule with an inline comment or configure the 'allowObjectTypes' rule option.
- If you want a type meaning "any object", you probably want `object` instead.
- If you want a type meaning "any value", you probably want `unknown` instead  @typescript-eslint/no-empty-object-type
  1211:16  warning  The `{}` ("empty object") type allows any non-nullish value, including literals like `0` and `""`.
- If that's what you want, disable this lint rule with an inline comment or configure the 'allowObjectTypes' rule option.
- If you want a type meaning "any object", you probably want `object` instead.
- If you want a type meaning "any value", you probably want `unknown` instead  @typescript-eslint/no-empty-object-type
  1228:12  warning  The `{}` ("empty object") type allows any non-nullish value, including literals like `0` and `""`.
- If that's what you want, disable this lint rule with an inline comment or configure the 'allowObjectTypes' rule option.
- If you want a type meaning "any object", you probably want `object` instead.
- If you want a type meaning "any value", you probably want `unknown` instead  @typescript-eslint/no-empty-object-type
  1247:12  warning  The `{}` ("empty object") type allows any non-nullish value, including literals like `0` and `""`.
- If that's what you want, disable this lint rule with an inline comment or configure the 'allowObjectTypes' rule option.
- If you want a type meaning "any object", you probably want `object` instead.
- If you want a type meaning "any value", you probably want `unknown` instead  @typescript-eslint/no-empty-object-type
  1247:16  warning  The `{}` ("empty object") type allows any non-nullish value, including literals like `0` and `""`.
- If that's what you want, disable this lint rule with an inline comment or configure the 'allowObjectTypes' rule option.
- If you want a type meaning "any object", you probably want `object` instead.
- If you want a type meaning "any value", you probably want `unknown` instead  @typescript-eslint/no-empty-object-type
  1271:12  warning  The `{}` ("empty object") type allows any non-nullish value, including literals like `0` and `""`.
- If that's what you want, disable this lint rule with an inline comment or configure the 'allowObjectTypes' rule option.
- If you want a type meaning "any object", you probably want `object` instead.
- If you want a type meaning "any value", you probably want `unknown` instead  @typescript-eslint/no-empty-object-type
  1271:16  warning  The `{}` ("empty object") type allows any non-nullish value, including literals like `0` and `""`.
- If that's what you want, disable this lint rule with an inline comment or configure the 'allowObjectTypes' rule option.
- If you want a type meaning "any object", you probably want `object` instead.
- If you want a type meaning "any value", you probably want `unknown` instead  @typescript-eslint/no-empty-object-type
  1288:12  warning  The `{}` ("empty object") type allows any non-nullish value, including literals like `0` and `""`.
- If that's what you want, disable this lint rule with an inline comment or configure the 'allowObjectTypes' rule option.
- If you want a type meaning "any object", you probably want `object` instead.
- If you want a type meaning "any value", you probably want `unknown` instead  @typescript-eslint/no-empty-object-type
  1288:16  warning  The `{}` ("empty object") type allows any non-nullish value, including literals like `0` and `""`.
- If that's what you want, disable this lint rule with an inline comment or configure the 'allowObjectTypes' rule option.
- If you want a type meaning "any object", you probably want `object` instead.
- If you want a type meaning "any value", you probably want `unknown` instead  @typescript-eslint/no-empty-object-type
  1305:12  warning  The `{}` ("empty object") type allows any non-nullish value, including literals like `0` and `""`.
- If that's what you want, disable this lint rule with an inline comment or configure the 'allowObjectTypes' rule option.
- If you want a type meaning "any object", you probably want `object` instead.
- If you want a type meaning "any value", you probably want `unknown` instead  @typescript-eslint/no-empty-object-type
  1305:16  warning  The `{}` ("empty object") type allows any non-nullish value, including literals like `0` and `""`.
- If that's what you want, disable this lint rule with an inline comment or configure the 'allowObjectTypes' rule option.
- If you want a type meaning "any object", you probably want `object` instead.
- If you want a type meaning "any value", you probably want `unknown` instead  @typescript-eslint/no-empty-object-type
  1322:12  warning  The `{}` ("empty object") type allows any non-nullish value, including literals like `0` and `""`.
- If that's what you want, disable this lint rule with an inline comment or configure the 'allowObjectTypes' rule option.
- If you want a type meaning "any object", you probably want `object` instead.
- If you want a type meaning "any value", you probably want `unknown` instead  @typescript-eslint/no-empty-object-type
  1322:16  warning  The `{}` ("empty object") type allows any non-nullish value, including literals like `0` and `""`.
- If that's what you want, disable this lint rule with an inline comment or configure the 'allowObjectTypes' rule option.
- If you want a type meaning "any object", you probably want `object` instead.
- If you want a type meaning "any value", you probably want `unknown` instead  @typescript-eslint/no-empty-object-type
  1339:12  warning  The `{}` ("empty object") type allows any non-nullish value, including literals like `0` and `""`.
- If that's what you want, disable this lint rule with an inline comment or configure the 'allowObjectTypes' rule option.
- If you want a type meaning "any object", you probably want `object` instead.
- If you want a type meaning "any value", you probably want `unknown` instead  @typescript-eslint/no-empty-object-type
  1358:12  warning  The `{}` ("empty object") type allows any non-nullish value, including literals like `0` and `""`.
- If that's what you want, disable this lint rule with an inline comment or configure the 'allowObjectTypes' rule option.
- If you want a type meaning "any object", you probably want `object` instead.
- If you want a type meaning "any value", you probably want `unknown` instead  @typescript-eslint/no-empty-object-type
  1377:12  warning  The `{}` ("empty object") type allows any non-nullish value, including literals like `0` and `""`.
- If that's what you want, disable this lint rule with an inline comment or configure the 'allowObjectTypes' rule option.
- If you want a type meaning "any object", you probably want `object` instead.
- If you want a type meaning "any value", you probably want `unknown` instead  @typescript-eslint/no-empty-object-type
  1377:16  warning  The `{}` ("empty object") type allows any non-nullish value, including literals like `0` and `""`.
- If that's what you want, disable this lint rule with an inline comment or configure the 'allowObjectTypes' rule option.
- If you want a type meaning "any object", you probably want `object` instead.
- If you want a type meaning "any value", you probably want `unknown` instead  @typescript-eslint/no-empty-object-type
  1394:12  warning  The `{}` ("empty object") type allows any non-nullish value, including literals like `0` and `""`.
- If that's what you want, disable this lint rule with an inline comment or configure the 'allowObjectTypes' rule option.
- If you want a type meaning "any object", you probably want `object` instead.
- If you want a type meaning "any value", you probably want `unknown` instead  @typescript-eslint/no-empty-object-type
  1394:16  warning  The `{}` ("empty object") type allows any non-nullish value, including literals like `0` and `""`.
- If that's what you want, disable this lint rule with an inline comment or configure the 'allowObjectTypes' rule option.
- If you want a type meaning "any object", you probably want `object` instead.
- If you want a type meaning "any value", you probably want `unknown` instead  @typescript-eslint/no-empty-object-type
  1411:12  warning  The `{}` ("empty object") type allows any non-nullish value, including literals like `0` and `""`.
- If that's what you want, disable this lint rule with an inline comment or configure the 'allowObjectTypes' rule option.
- If you want a type meaning "any object", you probably want `object` instead.
- If you want a type meaning "any value", you probably want `unknown` instead  @typescript-eslint/no-empty-object-type
  1411:16  warning  The `{}` ("empty object") type allows any non-nullish value, including literals like `0` and `""`.
- If that's what you want, disable this lint rule with an inline comment or configure the 'allowObjectTypes' rule option.
- If you want a type meaning "any object", you probably want `object` instead.
- If you want a type meaning "any value", you probably want `unknown` instead  @typescript-eslint/no-empty-object-type
  1428:12  warning  The `{}` ("empty object") type allows any non-nullish value, including literals like `0` and `""`.
- If that's what you want, disable this lint rule with an inline comment or configure the 'allowObjectTypes' rule option.
- If you want a type meaning "any object", you probably want `object` instead.
- If you want a type meaning "any value", you probably want `unknown` instead  @typescript-eslint/no-empty-object-type
  1454:12  warning  The `{}` ("empty object") type allows any non-nullish value, including literals like `0` and `""`.
- If that's what you want, disable this lint rule with an inline comment or configure the 'allowObjectTypes' rule option.
- If you want a type meaning "any object", you probably want `object` instead.
- If you want a type meaning "any value", you probably want `unknown` instead  @typescript-eslint/no-empty-object-type
  1454:16  warning  The `{}` ("empty object") type allows any non-nullish value, including literals like `0` and `""`.
- If that's what you want, disable this lint rule with an inline comment or configure the 'allowObjectTypes' rule option.
- If you want a type meaning "any object", you probably want `object` instead.
- If you want a type meaning "any value", you probably want `unknown` instead  @typescript-eslint/no-empty-object-type
  1471:12  warning  The `{}` ("empty object") type allows any non-nullish value, including literals like `0` and `""`.
- If that's what you want, disable this lint rule with an inline comment or configure the 'allowObjectTypes' rule option.
- If you want a type meaning "any object", you probably want `object` instead.
- If you want a type meaning "any value", you probably want `unknown` instead  @typescript-eslint/no-empty-object-type
  1471:16  warning  The `{}` ("empty object") type allows any non-nullish value, including literals like `0` and `""`.
- If that's what you want, disable this lint rule with an inline comment or configure the 'allowObjectTypes' rule option.
- If you want a type meaning "any object", you probably want `object` instead.
- If you want a type meaning "any value", you probably want `unknown` instead  @typescript-eslint/no-empty-object-type
  1488:12  warning  The `{}` ("empty object") type allows any non-nullish value, including literals like `0` and `""`.
- If that's what you want, disable this lint rule with an inline comment or configure the 'allowObjectTypes' rule option.
- If you want a type meaning "any object", you probably want `object` instead.
- If you want a type meaning "any value", you probably want `unknown` instead  @typescript-eslint/no-empty-object-type
  1507:12  warning  The `{}` ("empty object") type allows any non-nullish value, including literals like `0` and `""`.
- If that's what you want, disable this lint rule with an inline comment or configure the 'allowObjectTypes' rule option.
- If you want a type meaning "any object", you probably want `object` instead.
- If you want a type meaning "any value", you probably want `unknown` instead  @typescript-eslint/no-empty-object-type
  1526:12  warning  The `{}` ("empty object") type allows any non-nullish value, including literals like `0` and `""`.
- If that's what you want, disable this lint rule with an inline comment or configure the 'allowObjectTypes' rule option.
- If you want a type meaning "any object", you probably want `object` instead.
- If you want a type meaning "any value", you probably want `unknown` instead  @typescript-eslint/no-empty-object-type
  1526:16  warning  The `{}` ("empty object") type allows any non-nullish value, including literals like `0` and `""`.
- If that's what you want, disable this lint rule with an inline comment or configure the 'allowObjectTypes' rule option.
- If you want a type meaning "any object", you probably want `object` instead.
- If you want a type meaning "any value", you probably want `unknown` instead  @typescript-eslint/no-empty-object-type
  1543:12  warning  The `{}` ("empty object") type allows any non-nullish value, including literals like `0` and `""`.
- If that's what you want, disable this lint rule with an inline comment or configure the 'allowObjectTypes' rule option.
- If you want a type meaning "any object", you probably want `object` instead.
- If you want a type meaning "any value", you probably want `unknown` instead  @typescript-eslint/no-empty-object-type
  1562:12  warning  The `{}` ("empty object") type allows any non-nullish value, including literals like `0` and `""`.
- If that's what you want, disable this lint rule with an inline comment or configure the 'allowObjectTypes' rule option.
- If you want a type meaning "any object", you probably want `object` instead.
- If you want a type meaning "any value", you probably want `unknown` instead  @typescript-eslint/no-empty-object-type
  1562:16  warning  The `{}` ("empty object") type allows any non-nullish value, including literals like `0` and `""`.
- If that's what you want, disable this lint rule with an inline comment or configure the 'allowObjectTypes' rule option.
- If you want a type meaning "any object", you probably want `object` instead.
- If you want a type meaning "any value", you probably want `unknown` instead  @typescript-eslint/no-empty-object-type
  1579:12  warning  The `{}` ("empty object") type allows any non-nullish value, including literals like `0` and `""`.
- If that's what you want, disable this lint rule with an inline comment or configure the 'allowObjectTypes' rule option.
- If you want a type meaning "any object", you probably want `object` instead.
- If you want a type meaning "any value", you probably want `unknown` instead  @typescript-eslint/no-empty-object-type
  1579:16  warning  The `{}` ("empty object") type allows any non-nullish value, including literals like `0` and `""`.
- If that's what you want, disable this lint rule with an inline comment or configure the 'allowObjectTypes' rule option.
- If you want a type meaning "any object", you probably want `object` instead.
- If you want a type meaning "any value", you probably want `unknown` instead  @typescript-eslint/no-empty-object-type
  1596:12  warning  The `{}` ("empty object") type allows any non-nullish value, including literals like `0` and `""`.
- If that's what you want, disable this lint rule with an inline comment or configure the 'allowObjectTypes' rule option.
- If you want a type meaning "any object", you probably want `object` instead.
- If you want a type meaning "any value", you probably want `unknown` instead  @typescript-eslint/no-empty-object-type
  1596:16  warning  The `{}` ("empty object") type allows any non-nullish value, including literals like `0` and `""`.
- If that's what you want, disable this lint rule with an inline comment or configure the 'allowObjectTypes' rule option.
- If you want a type meaning "any object", you probably want `object` instead.
- If you want a type meaning "any value", you probably want `unknown` instead  @typescript-eslint/no-empty-object-type
  1620:12  warning  The `{}` ("empty object") type allows any non-nullish value, including literals like `0` and `""`.
- If that's what you want, disable this lint rule with an inline comment or configure the 'allowObjectTypes' rule option.
- If you want a type meaning "any object", you probably want `object` instead.
- If you want a type meaning "any value", you probably want `unknown` instead  @typescript-eslint/no-empty-object-type
  1620:16  warning  The `{}` ("empty object") type allows any non-nullish value, including literals like `0` and `""`.
- If that's what you want, disable this lint rule with an inline comment or configure the 'allowObjectTypes' rule option.
- If you want a type meaning "any object", you probably want `object` instead.
- If you want a type meaning "any value", you probably want `unknown` instead  @typescript-eslint/no-empty-object-type
  1637:12  warning  The `{}` ("empty object") type allows any non-nullish value, including literals like `0` and `""`.
- If that's what you want, disable this lint rule with an inline comment or configure the 'allowObjectTypes' rule option.
- If you want a type meaning "any object", you probably want `object` instead.
- If you want a type meaning "any value", you probably want `unknown` instead  @typescript-eslint/no-empty-object-type
  1637:16  warning  The `{}` ("empty object") type allows any non-nullish value, including literals like `0` and `""`.
- If that's what you want, disable this lint rule with an inline comment or configure the 'allowObjectTypes' rule option.
- If you want a type meaning "any object", you probably want `object` instead.
- If you want a type meaning "any value", you probably want `unknown` instead  @typescript-eslint/no-empty-object-type
  1654:12  warning  The `{}` ("empty object") type allows any non-nullish value, including literals like `0` and `""`.
- If that's what you want, disable this lint rule with an inline comment or configure the 'allowObjectTypes' rule option.
- If you want a type meaning "any object", you probably want `object` instead.
- If you want a type meaning "any value", you probably want `unknown` instead  @typescript-eslint/no-empty-object-type
  1673:12  warning  The `{}` ("empty object") type allows any non-nullish value, including literals like `0` and `""`.
- If that's what you want, disable this lint rule with an inline comment or configure the 'allowObjectTypes' rule option.
- If you want a type meaning "any object", you probably want `object` instead.
- If you want a type meaning "any value", you probably want `unknown` instead  @typescript-eslint/no-empty-object-type
  1692:12  warning  The `{}` ("empty object") type allows any non-nullish value, including literals like `0` and `""`.
- If that's what you want, disable this lint rule with an inline comment or configure the 'allowObjectTypes' rule option.
- If you want a type meaning "any object", you probably want `object` instead.
- If you want a type meaning "any value", you probably want `unknown` instead  @typescript-eslint/no-empty-object-type
  1692:16  warning  The `{}` ("empty object") type allows any non-nullish value, including literals like `0` and `""`.
- If that's what you want, disable this lint rule with an inline comment or configure the 'allowObjectTypes' rule option.
- If you want a type meaning "any object", you probably want `object` instead.
- If you want a type meaning "any value", you probably want `unknown` instead  @typescript-eslint/no-empty-object-type
  1709:12  warning  The `{}` ("empty object") type allows any non-nullish value, including literals like `0` and `""`.
- If that's what you want, disable this lint rule with an inline comment or configure the 'allowObjectTypes' rule option.
- If you want a type meaning "any object", you probably want `object` instead.
- If you want a type meaning "any value", you probably want `unknown` instead  @typescript-eslint/no-empty-object-type
  1735:12  warning  The `{}` ("empty object") type allows any non-nullish value, including literals like `0` and `""`.
- If that's what you want, disable this lint rule with an inline comment or configure the 'allowObjectTypes' rule option.
- If you want a type meaning "any object", you probably want `object` instead.
- If you want a type meaning "any value", you probably want `unknown` instead  @typescript-eslint/no-empty-object-type
  1735:16  warning  The `{}` ("empty object") type allows any non-nullish value, including literals like `0` and `""`.
- If that's what you want, disable this lint rule with an inline comment or configure the 'allowObjectTypes' rule option.
- If you want a type meaning "any object", you probably want `object` instead.
- If you want a type meaning "any value", you probably want `unknown` instead  @typescript-eslint/no-empty-object-type
  1752:12  warning  The `{}` ("empty object") type allows any non-nullish value, including literals like `0` and `""`.
- If that's what you want, disable this lint rule with an inline comment or configure the 'allowObjectTypes' rule option.
- If you want a type meaning "any object", you probably want `object` instead.
- If you want a type meaning "any value", you probably want `unknown` instead  @typescript-eslint/no-empty-object-type
  1771:12  warning  The `{}` ("empty object") type allows any non-nullish value, including literals like `0` and `""`.
- If that's what you want, disable this lint rule with an inline comment or configure the 'allowObjectTypes' rule option.
- If you want a type meaning "any object", you probably want `object` instead.
- If you want a type meaning "any value", you probably want `unknown` instead  @typescript-eslint/no-empty-object-type
  1771:16  warning  The `{}` ("empty object") type allows any non-nullish value, including literals like `0` and `""`.
- If that's what you want, disable this lint rule with an inline comment or configure the 'allowObjectTypes' rule option.
- If you want a type meaning "any object", you probably want `object` instead.
- If you want a type meaning "any value", you probably want `unknown` instead  @typescript-eslint/no-empty-object-type
  1788:12  warning  The `{}` ("empty object") type allows any non-nullish value, including literals like `0` and `""`.
- If that's what you want, disable this lint rule with an inline comment or configure the 'allowObjectTypes' rule option.
- If you want a type meaning "any object", you probably want `object` instead.
- If you want a type meaning "any value", you probably want `unknown` instead  @typescript-eslint/no-empty-object-type
  1788:16  warning  The `{}` ("empty object") type allows any non-nullish value, including literals like `0` and `""`.
- If that's what you want, disable this lint rule with an inline comment or configure the 'allowObjectTypes' rule option.
- If you want a type meaning "any object", you probably want `object` instead.
- If you want a type meaning "any value", you probably want `unknown` instead  @typescript-eslint/no-empty-object-type
  1805:12  warning  The `{}` ("empty object") type allows any non-nullish value, including literals like `0` and `""`.
- If that's what you want, disable this lint rule with an inline comment or configure the 'allowObjectTypes' rule option.
- If you want a type meaning "any object", you probably want `object` instead.
- If you want a type meaning "any value", you probably want `unknown` instead  @typescript-eslint/no-empty-object-type
  1805:16  warning  The `{}` ("empty object") type allows any non-nullish value, including literals like `0` and `""`.
- If that's what you want, disable this lint rule with an inline comment or configure the 'allowObjectTypes' rule option.
- If you want a type meaning "any object", you probably want `object` instead.
- If you want a type meaning "any value", you probably want `unknown` instead  @typescript-eslint/no-empty-object-type
  1822:12  warning  The `{}` ("empty object") type allows any non-nullish value, including literals like `0` and `""`.
- If that's what you want, disable this lint rule with an inline comment or configure the 'allowObjectTypes' rule option.
- If you want a type meaning "any object", you probably want `object` instead.
- If you want a type meaning "any value", you probably want `unknown` instead  @typescript-eslint/no-empty-object-type
  1822:16  warning  The `{}` ("empty object") type allows any non-nullish value, including literals like `0` and `""`.
- If that's what you want, disable this lint rule with an inline comment or configure the 'allowObjectTypes' rule option.
- If you want a type meaning "any object", you probably want `object` instead.
- If you want a type meaning "any value", you probably want `unknown` instead  @typescript-eslint/no-empty-object-type
  1839:12  warning  The `{}` ("empty object") type allows any non-nullish value, including literals like `0` and `""`.
- If that's what you want, disable this lint rule with an inline comment or configure the 'allowObjectTypes' rule option.
- If you want a type meaning "any object", you probably want `object` instead.
- If you want a type meaning "any value", you probably want `unknown` instead  @typescript-eslint/no-empty-object-type
  1839:16  warning  The `{}` ("empty object") type allows any non-nullish value, including literals like `0` and `""`.
- If that's what you want, disable this lint rule with an inline comment or configure the 'allowObjectTypes' rule option.
- If you want a type meaning "any object", you probably want `object` instead.
- If you want a type meaning "any value", you probably want `unknown` instead  @typescript-eslint/no-empty-object-type
  1856:12  warning  The `{}` ("empty object") type allows any non-nullish value, including literals like `0` and `""`.
- If that's what you want, disable this lint rule with an inline comment or configure the 'allowObjectTypes' rule option.
- If you want a type meaning "any object", you probably want `object` instead.
- If you want a type meaning "any value", you probably want `unknown` instead  @typescript-eslint/no-empty-object-type
  1875:12  warning  The `{}` ("empty object") type allows any non-nullish value, including literals like `0` and `""`.
- If that's what you want, disable this lint rule with an inline comment or configure the 'allowObjectTypes' rule option.
- If you want a type meaning "any object", you probably want `object` instead.
- If you want a type meaning "any value", you probably want `unknown` instead  @typescript-eslint/no-empty-object-type
  1875:16  warning  The `{}` ("empty object") type allows any non-nullish value, including literals like `0` and `""`.
- If that's what you want, disable this lint rule with an inline comment or configure the 'allowObjectTypes' rule option.
- If you want a type meaning "any object", you probably want `object` instead.
- If you want a type meaning "any value", you probably want `unknown` instead  @typescript-eslint/no-empty-object-type
  1892:12  warning  The `{}` ("empty object") type allows any non-nullish value, including literals like `0` and `""`.
- If that's what you want, disable this lint rule with an inline comment or configure the 'allowObjectTypes' rule option.
- If you want a type meaning "any object", you probably want `object` instead.
- If you want a type meaning "any value", you probably want `unknown` instead  @typescript-eslint/no-empty-object-type
  1892:16  warning  The `{}` ("empty object") type allows any non-nullish value, including literals like `0` and `""`.
- If that's what you want, disable this lint rule with an inline comment or configure the 'allowObjectTypes' rule option.
- If you want a type meaning "any object", you probably want `object` instead.
- If you want a type meaning "any value", you probably want `unknown` instead  @typescript-eslint/no-empty-object-type
  1909:12  warning  The `{}` ("empty object") type allows any non-nullish value, including literals like `0` and `""`.
- If that's what you want, disable this lint rule with an inline comment or configure the 'allowObjectTypes' rule option.
- If you want a type meaning "any object", you probably want `object` instead.
- If you want a type meaning "any value", you probably want `unknown` instead  @typescript-eslint/no-empty-object-type
  1909:16  warning  The `{}` ("empty object") type allows any non-nullish value, including literals like `0` and `""`.
- If that's what you want, disable this lint rule with an inline comment or configure the 'allowObjectTypes' rule option.
- If you want a type meaning "any object", you probably want `object` instead.
- If you want a type meaning "any value", you probably want `unknown` instead  @typescript-eslint/no-empty-object-type
  1933:12  warning  The `{}` ("empty object") type allows any non-nullish value, including literals like `0` and `""`.
- If that's what you want, disable this lint rule with an inline comment or configure the 'allowObjectTypes' rule option.
- If you want a type meaning "any object", you probably want `object` instead.
- If you want a type meaning "any value", you probably want `unknown` instead  @typescript-eslint/no-empty-object-type
  1933:16  warning  The `{}` ("empty object") type allows any non-nullish value, including literals like `0` and `""`.
- If that's what you want, disable this lint rule with an inline comment or configure the 'allowObjectTypes' rule option.
- If you want a type meaning "any object", you probably want `object` instead.
- If you want a type meaning "any value", you probably want `unknown` instead  @typescript-eslint/no-empty-object-type
  1950:12  warning  The `{}` ("empty object") type allows any non-nullish value, including literals like `0` and `""`.
- If that's what you want, disable this lint rule with an inline comment or configure the 'allowObjectTypes' rule option.
- If you want a type meaning "any object", you probably want `object` instead.
- If you want a type meaning "any value", you probably want `unknown` instead  @typescript-eslint/no-empty-object-type
  1969:12  warning  The `{}` ("empty object") type allows any non-nullish value, including literals like `0` and `""`.
- If that's what you want, disable this lint rule with an inline comment or configure the 'allowObjectTypes' rule option.
- If you want a type meaning "any object", you probably want `object` instead.
- If you want a type meaning "any value", you probably want `unknown` instead  @typescript-eslint/no-empty-object-type
  1969:16  warning  The `{}` ("empty object") type allows any non-nullish value, including literals like `0` and `""`.
- If that's what you want, disable this lint rule with an inline comment or configure the 'allowObjectTypes' rule option.
- If you want a type meaning "any object", you probably want `object` instead.
- If you want a type meaning "any value", you probably want `unknown` instead  @typescript-eslint/no-empty-object-type
  1986:12  warning  The `{}` ("empty object") type allows any non-nullish value, including literals like `0` and `""`.
- If that's what you want, disable this lint rule with an inline comment or configure the 'allowObjectTypes' rule option.
- If you want a type meaning "any object", you probably want `object` instead.
- If you want a type meaning "any value", you probably want `unknown` instead  @typescript-eslint/no-empty-object-type
  1986:16  warning  The `{}` ("empty object") type allows any non-nullish value, including literals like `0` and `""`.
- If that's what you want, disable this lint rule with an inline comment or configure the 'allowObjectTypes' rule option.
- If you want a type meaning "any object", you probably want `object` instead.
- If you want a type meaning "any value", you probably want `unknown` instead  @typescript-eslint/no-empty-object-type
  2003:12  warning  The `{}` ("empty object") type allows any non-nullish value, including literals like `0` and `""`.
- If that's what you want, disable this lint rule with an inline comment or configure the 'allowObjectTypes' rule option.
- If you want a type meaning "any object", you probably want `object` instead.
- If you want a type meaning "any value", you probably want `unknown` instead  @typescript-eslint/no-empty-object-type
  2022:12  warning  The `{}` ("empty object") type allows any non-nullish value, including literals like `0` and `""`.
- If that's what you want, disable this lint rule with an inline comment or configure the 'allowObjectTypes' rule option.
- If you want a type meaning "any object", you probably want `object` instead.
- If you want a type meaning "any value", you probably want `unknown` instead  @typescript-eslint/no-empty-object-type
  2022:16  warning  The `{}` ("empty object") type allows any non-nullish value, including literals like `0` and `""`.
- If that's what you want, disable this lint rule with an inline comment or configure the 'allowObjectTypes' rule option.
- If you want a type meaning "any object", you probably want `object` instead.
- If you want a type meaning "any value", you probably want `unknown` instead  @typescript-eslint/no-empty-object-type
  2039:12  warning  The `{}` ("empty object") type allows any non-nullish value, including literals like `0` and `""`.
- If that's what you want, disable this lint rule with an inline comment or configure the 'allowObjectTypes' rule option.
- If you want a type meaning "any object", you probably want `object` instead.
- If you want a type meaning "any value", you probably want `unknown` instead  @typescript-eslint/no-empty-object-type
  2039:16  warning  The `{}` ("empty object") type allows any non-nullish value, including literals like `0` and `""`.
- If that's what you want, disable this lint rule with an inline comment or configure the 'allowObjectTypes' rule option.
- If you want a type meaning "any object", you probably want `object` instead.
- If you want a type meaning "any value", you probably want `unknown` instead  @typescript-eslint/no-empty-object-type
  2056:12  warning  The `{}` ("empty object") type allows any non-nullish value, including literals like `0` and `""`.
- If that's what you want, disable this lint rule with an inline comment or configure the 'allowObjectTypes' rule option.
- If you want a type meaning "any object", you probably want `object` instead.
- If you want a type meaning "any value", you probably want `unknown` instead  @typescript-eslint/no-empty-object-type
  2056:16  warning  The `{}` ("empty object") type allows any non-nullish value, including literals like `0` and `""`.
- If that's what you want, disable this lint rule with an inline comment or configure the 'allowObjectTypes' rule option.
- If you want a type meaning "any object", you probably want `object` instead.
- If you want a type meaning "any value", you probably want `unknown` instead  @typescript-eslint/no-empty-object-type
  2073:12  warning  The `{}` ("empty object") type allows any non-nullish value, including literals like `0` and `""`.
- If that's what you want, disable this lint rule with an inline comment or configure the 'allowObjectTypes' rule option.
- If you want a type meaning "any object", you probably want `object` instead.
- If you want a type meaning "any value", you probably want `unknown` instead  @typescript-eslint/no-empty-object-type
  2073:16  warning  The `{}` ("empty object") type allows any non-nullish value, including literals like `0` and `""`.
- If that's what you want, disable this lint rule with an inline comment or configure the 'allowObjectTypes' rule option.
- If you want a type meaning "any object", you probably want `object` instead.
- If you want a type meaning "any value", you probably want `unknown` instead  @typescript-eslint/no-empty-object-type
  2097:12  warning  The `{}` ("empty object") type allows any non-nullish value, including literals like `0` and `""`.
- If that's what you want, disable this lint rule with an inline comment or configure the 'allowObjectTypes' rule option.
- If you want a type meaning "any object", you probably want `object` instead.
- If you want a type meaning "any value", you probably want `unknown` instead  @typescript-eslint/no-empty-object-type
  2097:16  warning  The `{}` ("empty object") type allows any non-nullish value, including literals like `0` and `""`.
- If that's what you want, disable this lint rule with an inline comment or configure the 'allowObjectTypes' rule option.
- If you want a type meaning "any object", you probably want `object` instead.
- If you want a type meaning "any value", you probably want `unknown` instead  @typescript-eslint/no-empty-object-type
  2114:12  warning  The `{}` ("empty object") type allows any non-nullish value, including literals like `0` and `""`.
- If that's what you want, disable this lint rule with an inline comment or configure the 'allowObjectTypes' rule option.
- If you want a type meaning "any object", you probably want `object` instead.
- If you want a type meaning "any value", you probably want `unknown` instead  @typescript-eslint/no-empty-object-type
  2133:12  warning  The `{}` ("empty object") type allows any non-nullish value, including literals like `0` and `""`.
- If that's what you want, disable this lint rule with an inline comment or configure the 'allowObjectTypes' rule option.
- If you want a type meaning "any object", you probably want `object` instead.
- If you want a type meaning "any value", you probably want `unknown` instead  @typescript-eslint/no-empty-object-type
  2133:16  warning  The `{}` ("empty object") type allows any non-nullish value, including literals like `0` and `""`.
- If that's what you want, disable this lint rule with an inline comment or configure the 'allowObjectTypes' rule option.
- If you want a type meaning "any object", you probably want `object` instead.
- If you want a type meaning "any value", you probably want `unknown` instead  @typescript-eslint/no-empty-object-type
  2150:12  warning  The `{}` ("empty object") type allows any non-nullish value, including literals like `0` and `""`.
- If that's what you want, disable this lint rule with an inline comment or configure the 'allowObjectTypes' rule option.
- If you want a type meaning "any object", you probably want `object` instead.
- If you want a type meaning "any value", you probably want `unknown` instead  @typescript-eslint/no-empty-object-type
  2150:16  warning  The `{}` ("empty object") type allows any non-nullish value, including literals like `0` and `""`.
- If that's what you want, disable this lint rule with an inline comment or configure the 'allowObjectTypes' rule option.
- If you want a type meaning "any object", you probably want `object` instead.
- If you want a type meaning "any value", you probably want `unknown` instead  @typescript-eslint/no-empty-object-type
  2167:12  warning  The `{}` ("empty object") type allows any non-nullish value, including literals like `0` and `""`.
- If that's what you want, disable this lint rule with an inline comment or configure the 'allowObjectTypes' rule option.
- If you want a type meaning "any object", you probably want `object` instead.
- If you want a type meaning "any value", you probably want `unknown` instead  @typescript-eslint/no-empty-object-type
  2167:16  warning  The `{}` ("empty object") type allows any non-nullish value, including literals like `0` and `""`.
- If that's what you want, disable this lint rule with an inline comment or configure the 'allowObjectTypes' rule option.
- If you want a type meaning "any object", you probably want `object` instead.
- If you want a type meaning "any value", you probably want `unknown` instead  @typescript-eslint/no-empty-object-type
  2184:12  warning  The `{}` ("empty object") type allows any non-nullish value, including literals like `0` and `""`.
- If that's what you want, disable this lint rule with an inline comment or configure the 'allowObjectTypes' rule option.
- If you want a type meaning "any object", you probably want `object` instead.
- If you want a type meaning "any value", you probably want `unknown` instead  @typescript-eslint/no-empty-object-type
  2184:16  warning  The `{}` ("empty object") type allows any non-nullish value, including literals like `0` and `""`.
- If that's what you want, disable this lint rule with an inline comment or configure the 'allowObjectTypes' rule option.
- If you want a type meaning "any object", you probably want `object` instead.
- If you want a type meaning "any value", you probably want `unknown` instead  @typescript-eslint/no-empty-object-type
  2201:12  warning  The `{}` ("empty object") type allows any non-nullish value, including literals like `0` and `""`.
- If that's what you want, disable this lint rule with an inline comment or configure the 'allowObjectTypes' rule option.
- If you want a type meaning "any object", you probably want `object` instead.
- If you want a type meaning "any value", you probably want `unknown` instead  @typescript-eslint/no-empty-object-type
  2201:16  warning  The `{}` ("empty object") type allows any non-nullish value, including literals like `0` and `""`.
- If that's what you want, disable this lint rule with an inline comment or configure the 'allowObjectTypes' rule option.
- If you want a type meaning "any object", you probably want `object` instead.
- If you want a type meaning "any value", you probably want `unknown` instead  @typescript-eslint/no-empty-object-type
  2218:12  warning  The `{}` ("empty object") type allows any non-nullish value, including literals like `0` and `""`.
- If that's what you want, disable this lint rule with an inline comment or configure the 'allowObjectTypes' rule option.
- If you want a type meaning "any object", you probably want `object` instead.
- If you want a type meaning "any value", you probably want `unknown` instead  @typescript-eslint/no-empty-object-type
  2218:16  warning  The `{}` ("empty object") type allows any non-nullish value, including literals like `0` and `""`.
- If that's what you want, disable this lint rule with an inline comment or configure the 'allowObjectTypes' rule option.
- If you want a type meaning "any object", you probably want `object` instead.
- If you want a type meaning "any value", you probably want `unknown` instead  @typescript-eslint/no-empty-object-type
  2242:12  warning  The `{}` ("empty object") type allows any non-nullish value, including literals like `0` and `""`.
- If that's what you want, disable this lint rule with an inline comment or configure the 'allowObjectTypes' rule option.
- If you want a type meaning "any object", you probably want `object` instead.
- If you want a type meaning "any value", you probably want `unknown` instead  @typescript-eslint/no-empty-object-type
  2242:16  warning  The `{}` ("empty object") type allows any non-nullish value, including literals like `0` and `""`.
- If that's what you want, disable this lint rule with an inline comment or configure the 'allowObjectTypes' rule option.
- If you want a type meaning "any object", you probably want `object` instead.
- If you want a type meaning "any value", you probably want `unknown` instead  @typescript-eslint/no-empty-object-type
  2259:12  warning  The `{}` ("empty object") type allows any non-nullish value, including literals like `0` and `""`.
- If that's what you want, disable this lint rule with an inline comment or configure the 'allowObjectTypes' rule option.
- If you want a type meaning "any object", you probably want `object` instead.
- If you want a type meaning "any value", you probably want `unknown` instead  @typescript-eslint/no-empty-object-type
  2259:16  warning  The `{}` ("empty object") type allows any non-nullish value, including literals like `0` and `""`.
- If that's what you want, disable this lint rule with an inline comment or configure the 'allowObjectTypes' rule option.
- If you want a type meaning "any object", you probably want `object` instead.
- If you want a type meaning "any value", you probably want `unknown` instead  @typescript-eslint/no-empty-object-type
  2276:12  warning  The `{}` ("empty object") type allows any non-nullish value, including literals like `0` and `""`.
- If that's what you want, disable this lint rule with an inline comment or configure the 'allowObjectTypes' rule option.
- If you want a type meaning "any object", you probably want `object` instead.
- If you want a type meaning "any value", you probably want `unknown` instead  @typescript-eslint/no-empty-object-type
  2276:16  warning  The `{}` ("empty object") type allows any non-nullish value, including literals like `0` and `""`.
- If that's what you want, disable this lint rule with an inline comment or configure the 'allowObjectTypes' rule option.
- If you want a type meaning "any object", you probably want `object` instead.
- If you want a type meaning "any value", you probably want `unknown` instead  @typescript-eslint/no-empty-object-type
  2293:12  warning  The `{}` ("empty object") type allows any non-nullish value, including literals like `0` and `""`.
- If that's what you want, disable this lint rule with an inline comment or configure the 'allowObjectTypes' rule option.
- If you want a type meaning "any object", you probably want `object` instead.
- If you want a type meaning "any value", you probably want `unknown` instead  @typescript-eslint/no-empty-object-type
  2312:12  warning  The `{}` ("empty object") type allows any non-nullish value, including literals like `0` and `""`.
- If that's what you want, disable this lint rule with an inline comment or configure the 'allowObjectTypes' rule option.
- If you want a type meaning "any object", you probably want `object` instead.
- If you want a type meaning "any value", you probably want `unknown` instead  @typescript-eslint/no-empty-object-type
  2312:16  warning  The `{}` ("empty object") type allows any non-nullish value, including literals like `0` and `""`.
- If that's what you want, disable this lint rule with an inline comment or configure the 'allowObjectTypes' rule option.
- If you want a type meaning "any object", you probably want `object` instead.
- If you want a type meaning "any value", you probably want `unknown` instead  @typescript-eslint/no-empty-object-type
  2418:8   warning  The `{}` ("empty object") type allows any non-nullish value, including literals like `0` and `""`.
- If that's what you want, disable this lint rule with an inline comment or configure the 'allowObjectTypes' rule option.
- If you want a type meaning "any object", you probably want `object` instead.
- If you want a type meaning "any value", you probably want `unknown` instead  @typescript-eslint/no-empty-object-type
  2437:8   warning  The `{}` ("empty object") type allows any non-nullish value, including literals like `0` and `""`.
- If that's what you want, disable this lint rule with an inline comment or configure the 'allowObjectTypes' rule option.
- If you want a type meaning "any object", you probably want `object` instead.
- If you want a type meaning "any value", you probably want `unknown` instead  @typescript-eslint/no-empty-object-type
  2456:8   warning  The `{}` ("empty object") type allows any non-nullish value, including literals like `0` and `""`.
- If that's what you want, disable this lint rule with an inline comment or configure the 'allowObjectTypes' rule option.
- If you want a type meaning "any object", you probably want `object` instead.
- If you want a type meaning "any value", you probably want `unknown` instead  @typescript-eslint/no-empty-object-type
  2475:8   warning  The `{}` ("empty object") type allows any non-nullish value, including literals like `0` and `""`.
- If that's what you want, disable this lint rule with an inline comment or configure the 'allowObjectTypes' rule option.
- If you want a type meaning "any object", you probably want `object` instead.
- If you want a type meaning "any value", you probably want `unknown` instead  @typescript-eslint/no-empty-object-type
  2494:8   warning  The `{}` ("empty object") type allows any non-nullish value, including literals like `0` and `""`.
- If that's what you want, disable this lint rule with an inline comment or configure the 'allowObjectTypes' rule option.
- If you want a type meaning "any object", you probably want `object` instead.
- If you want a type meaning "any value", you probably want `unknown` instead  @typescript-eslint/no-empty-object-type
  2513:8   warning  The `{}` ("empty object") type allows any non-nullish value, including literals like `0` and `""`.
- If that's what you want, disable this lint rule with an inline comment or configure the 'allowObjectTypes' rule option.
- If you want a type meaning "any object", you probably want `object` instead.
- If you want a type meaning "any value", you probably want `unknown` instead  @typescript-eslint/no-empty-object-type
  2532:8   warning  The `{}` ("empty object") type allows any non-nullish value, including literals like `0` and `""`.
- If that's what you want, disable this lint rule with an inline comment or configure the 'allowObjectTypes' rule option.
- If you want a type meaning "any object", you probably want `object` instead.
- If you want a type meaning "any value", you probably want `unknown` instead  @typescript-eslint/no-empty-object-type
  2551:8   warning  The `{}` ("empty object") type allows any non-nullish value, including literals like `0` and `""`.
- If that's what you want, disable this lint rule with an inline comment or configure the 'allowObjectTypes' rule option.
- If you want a type meaning "any object", you probably want `object` instead.
- If you want a type meaning "any value", you probably want `unknown` instead  @typescript-eslint/no-empty-object-type
  2583:12  warning  The `{}` ("empty object") type allows any non-nullish value, including literals like `0` and `""`.
- If that's what you want, disable this lint rule with an inline comment or configure the 'allowObjectTypes' rule option.
- If you want a type meaning "any object", you probably want `object` instead.
- If you want a type meaning "any value", you probably want `unknown` instead  @typescript-eslint/no-empty-object-type
  2583:16  warning  The `{}` ("empty object") type allows any non-nullish value, including literals like `0` and `""`.
- If that's what you want, disable this lint rule with an inline comment or configure the 'allowObjectTypes' rule option.
- If you want a type meaning "any object", you probably want `object` instead.
- If you want a type meaning "any value", you probably want `unknown` instead  @typescript-eslint/no-empty-object-type
  2586:8   warning  The `{}` ("empty object") type allows any non-nullish value, including literals like `0` and `""`.
- If that's what you want, disable this lint rule with an inline comment or configure the 'allowObjectTypes' rule option.
- If you want a type meaning "any object", you probably want `object` instead.
- If you want a type meaning "any value", you probably want `unknown` instead  @typescript-eslint/no-empty-object-type
  2594:12  warning  The `{}` ("empty object") type allows any non-nullish value, including literals like `0` and `""`.
- If that's what you want, disable this lint rule with an inline comment or configure the 'allowObjectTypes' rule option.
- If you want a type meaning "any object", you probably want `object` instead.
- If you want a type meaning "any value", you probably want `unknown` instead  @typescript-eslint/no-empty-object-type
  2594:16  warning  The `{}` ("empty object") type allows any non-nullish value, including literals like `0` and `""`.
- If that's what you want, disable this lint rule with an inline comment or configure the 'allowObjectTypes' rule option.
- If you want a type meaning "any object", you probably want `object` instead.
- If you want a type meaning "any value", you probably want `unknown` instead  @typescript-eslint/no-empty-object-type
  2613:8   warning  The `{}` ("empty object") type allows any non-nullish value, including literals like `0` and `""`.
- If that's what you want, disable this lint rule with an inline comment or configure the 'allowObjectTypes' rule option.
- If you want a type meaning "any object", you probably want `object` instead.
- If you want a type meaning "any value", you probably want `unknown` instead  @typescript-eslint/no-empty-object-type
  2632:8   warning  The `{}` ("empty object") type allows any non-nullish value, including literals like `0` and `""`.
- If that's what you want, disable this lint rule with an inline comment or configure the 'allowObjectTypes' rule option.
- If you want a type meaning "any object", you probably want `object` instead.
- If you want a type meaning "any value", you probably want `unknown` instead  @typescript-eslint/no-empty-object-type
  2651:8   warning  The `{}` ("empty object") type allows any non-nullish value, including literals like `0` and `""`.
- If that's what you want, disable this lint rule with an inline comment or configure the 'allowObjectTypes' rule option.
- If you want a type meaning "any object", you probably want `object` instead.
- If you want a type meaning "any value", you probably want `unknown` instead  @typescript-eslint/no-empty-object-type
  2651:12  warning  The `{}` ("empty object") type allows any non-nullish value, including literals like `0` and `""`.
- If that's what you want, disable this lint rule with an inline comment or configure the 'allowObjectTypes' rule option.
- If you want a type meaning "any object", you probably want `object` instead.
- If you want a type meaning "any value", you probably want `unknown` instead  @typescript-eslint/no-empty-object-type
  2668:8   warning  The `{}` ("empty object") type allows any non-nullish value, including literals like `0` and `""`.
- If that's what you want, disable this lint rule with an inline comment or configure the 'allowObjectTypes' rule option.
- If you want a type meaning "any object", you probably want `object` instead.
- If you want a type meaning "any value", you probably want `unknown` instead  @typescript-eslint/no-empty-object-type
  2668:12  warning  The `{}` ("empty object") type allows any non-nullish value, including literals like `0` and `""`.
- If that's what you want, disable this lint rule with an inline comment or configure the 'allowObjectTypes' rule option.
- If you want a type meaning "any object", you probably want `object` instead.
- If you want a type meaning "any value", you probably want `unknown` instead  @typescript-eslint/no-empty-object-type
  2685:8   warning  The `{}` ("empty object") type allows any non-nullish value, including literals like `0` and `""`.
- If that's what you want, disable this lint rule with an inline comment or configure the 'allowObjectTypes' rule option.
- If you want a type meaning "any object", you probably want `object` instead.
- If you want a type meaning "any value", you probably want `unknown` instead  @typescript-eslint/no-empty-object-type
  2704:8   warning  The `{}` ("empty object") type allows any non-nullish value, including literals like `0` and `""`.
- If that's what you want, disable this lint rule with an inline comment or configure the 'allowObjectTypes' rule option.
- If you want a type meaning "any object", you probably want `object` instead.
- If you want a type meaning "any value", you probably want `unknown` instead  @typescript-eslint/no-empty-object-type
  2704:12  warning  The `{}` ("empty object") type allows any non-nullish value, including literals like `0` and `""`.
- If that's what you want, disable this lint rule with an inline comment or configure the 'allowObjectTypes' rule option.
- If you want a type meaning "any object", you probably want `object` instead.
- If you want a type meaning "any value", you probably want `unknown` instead  @typescript-eslint/no-empty-object-type
  2721:8   warning  The `{}` ("empty object") type allows any non-nullish value, including literals like `0` and `""`.
- If that's what you want, disable this lint rule with an inline comment or configure the 'allowObjectTypes' rule option.
- If you want a type meaning "any object", you probably want `object` instead.
- If you want a type meaning "any value", you probably want `unknown` instead  @typescript-eslint/no-empty-object-type
  2721:12  warning  The `{}` ("empty object") type allows any non-nullish value, including literals like `0` and `""`.
- If that's what you want, disable this lint rule with an inline comment or configure the 'allowObjectTypes' rule option.
- If you want a type meaning "any object", you probably want `object` instead.
- If you want a type meaning "any value", you probably want `unknown` instead  @typescript-eslint/no-empty-object-type
  2738:8   warning  The `{}` ("empty object") type allows any non-nullish value, including literals like `0` and `""`.
- If that's what you want, disable this lint rule with an inline comment or configure the 'allowObjectTypes' rule option.
- If you want a type meaning "any object", you probably want `object` instead.
- If you want a type meaning "any value", you probably want `unknown` instead  @typescript-eslint/no-empty-object-type
  2738:12  warning  The `{}` ("empty object") type allows any non-nullish value, including literals like `0` and `""`.
- If that's what you want, disable this lint rule with an inline comment or configure the 'allowObjectTypes' rule option.
- If you want a type meaning "any object", you probably want `object` instead.
- If you want a type meaning "any value", you probably want `unknown` instead  @typescript-eslint/no-empty-object-type
  2757:8   warning  The `{}` ("empty object") type allows any non-nullish value, including literals like `0` and `""`.
- If that's what you want, disable this lint rule with an inline comment or configure the 'allowObjectTypes' rule option.
- If you want a type meaning "any object", you probably want `object` instead.
- If you want a type meaning "any value", you probably want `unknown` instead  @typescript-eslint/no-empty-object-type
  2776:8   warning  The `{}` ("empty object") type allows any non-nullish value, including literals like `0` and `""`.
- If that's what you want, disable this lint rule with an inline comment or configure the 'allowObjectTypes' rule option.
- If you want a type meaning "any object", you probably want `object` instead.
- If you want a type meaning "any value", you probably want `unknown` instead  @typescript-eslint/no-empty-object-type
  2795:8   warning  The `{}` ("empty object") type allows any non-nullish value, including literals like `0` and `""`.
- If that's what you want, disable this lint rule with an inline comment or configure the 'allowObjectTypes' rule option.
- If you want a type meaning "any object", you probably want `object` instead.
- If you want a type meaning "any value", you probably want `unknown` instead  @typescript-eslint/no-empty-object-type
  2814:8   warning  The `{}` ("empty object") type allows any non-nullish value, including literals like `0` and `""`.
- If that's what you want, disable this lint rule with an inline comment or configure the 'allowObjectTypes' rule option.
- If you want a type meaning "any object", you probably want `object` instead.
- If you want a type meaning "any value", you probably want `unknown` instead  @typescript-eslint/no-empty-object-type
  2833:8   warning  The `{}` ("empty object") type allows any non-nullish value, including literals like `0` and `""`.
- If that's what you want, disable this lint rule with an inline comment or configure the 'allowObjectTypes' rule option.
- If you want a type meaning "any object", you probably want `object` instead.
- If you want a type meaning "any value", you probably want `unknown` instead  @typescript-eslint/no-empty-object-type
  2852:8   warning  The `{}` ("empty object") type allows any non-nullish value, including literals like `0` and `""`.
- If that's what you want, disable this lint rule with an inline comment or configure the 'allowObjectTypes' rule option.
- If you want a type meaning "any object", you probably want `object` instead.
- If you want a type meaning "any value", you probably want `unknown` instead  @typescript-eslint/no-empty-object-type
  2871:8   warning  The `{}` ("empty object") type allows any non-nullish value, including literals like `0` and `""`.
- If that's what you want, disable this lint rule with an inline comment or configure the 'allowObjectTypes' rule option.
- If you want a type meaning "any object", you probably want `object` instead.
- If you want a type meaning "any value", you probably want `unknown` instead  @typescript-eslint/no-empty-object-type
  2890:8   warning  The `{}` ("empty object") type allows any non-nullish value, including literals like `0` and `""`.
- If that's what you want, disable this lint rule with an inline comment or configure the 'allowObjectTypes' rule option.
- If you want a type meaning "any object", you probably want `object` instead.
- If you want a type meaning "any value", you probably want `unknown` instead  @typescript-eslint/no-empty-object-type
  2922:12  warning  The `{}` ("empty object") type allows any non-nullish value, including literals like `0` and `""`.
- If that's what you want, disable this lint rule with an inline comment or configure the 'allowObjectTypes' rule option.
- If you want a type meaning "any object", you probably want `object` instead.
- If you want a type meaning "any value", you probably want `unknown` instead  @typescript-eslint/no-empty-object-type
  2922:16  warning  The `{}` ("empty object") type allows any non-nullish value, including literals like `0` and `""`.
- If that's what you want, disable this lint rule with an inline comment or configure the 'allowObjectTypes' rule option.
- If you want a type meaning "any object", you probably want `object` instead.
- If you want a type meaning "any value", you probably want `unknown` instead  @typescript-eslint/no-empty-object-type
  2925:8   warning  The `{}` ("empty object") type allows any non-nullish value, including literals like `0` and `""`.
- If that's what you want, disable this lint rule with an inline comment or configure the 'allowObjectTypes' rule option.
- If you want a type meaning "any object", you probably want `object` instead.
- If you want a type meaning "any value", you probably want `unknown` instead  @typescript-eslint/no-empty-object-type
  2933:12  warning  The `{}` ("empty object") type allows any non-nullish value, including literals like `0` and `""`.
- If that's what you want, disable this lint rule with an inline comment or configure the 'allowObjectTypes' rule option.
- If you want a type meaning "any object", you probably want `object` instead.
- If you want a type meaning "any value", you probably want `unknown` instead  @typescript-eslint/no-empty-object-type
  2933:16  warning  The `{}` ("empty object") type allows any non-nullish value, including literals like `0` and `""`.
- If that's what you want, disable this lint rule with an inline comment or configure the 'allowObjectTypes' rule option.
- If you want a type meaning "any object", you probably want `object` instead.
- If you want a type meaning "any value", you probably want `unknown` instead  @typescript-eslint/no-empty-object-type
  2952:8   warning  The `{}` ("empty object") type allows any non-nullish value, including literals like `0` and `""`.
- If that's what you want, disable this lint rule with an inline comment or configure the 'allowObjectTypes' rule option.
- If you want a type meaning "any object", you probably want `object` instead.
- If you want a type meaning "any value", you probably want `unknown` instead  @typescript-eslint/no-empty-object-type
  2971:8   warning  The `{}` ("empty object") type allows any non-nullish value, including literals like `0` and `""`.
- If that's what you want, disable this lint rule with an inline comment or configure the 'allowObjectTypes' rule option.
- If you want a type meaning "any object", you probably want `object` instead.
- If you want a type meaning "any value", you probably want `unknown` instead  @typescript-eslint/no-empty-object-type
  2990:8   warning  The `{}` ("empty object") type allows any non-nullish value, including literals like `0` and `""`.
- If that's what you want, disable this lint rule with an inline comment or configure the 'allowObjectTypes' rule option.
- If you want a type meaning "any object", you probably want `object` instead.
- If you want a type meaning "any value", you probably want `unknown` instead  @typescript-eslint/no-empty-object-type
  2990:12  warning  The `{}` ("empty object") type allows any non-nullish value, including literals like `0` and `""`.
- If that's what you want, disable this lint rule with an inline comment or configure the 'allowObjectTypes' rule option.
- If you want a type meaning "any object", you probably want `object` instead.
- If you want a type meaning "any value", you probably want `unknown` instead  @typescript-eslint/no-empty-object-type
  3007:8   warning  The `{}` ("empty object") type allows any non-nullish value, including literals like `0` and `""`.
- If that's what you want, disable this lint rule with an inline comment or configure the 'allowObjectTypes' rule option.
- If you want a type meaning "any object", you probably want `object` instead.
- If you want a type meaning "any value", you probably want `unknown` instead  @typescript-eslint/no-empty-object-type
  3007:12  warning  The `{}` ("empty object") type allows any non-nullish value, including literals like `0` and `""`.
- If that's what you want, disable this lint rule with an inline comment or configure the 'allowObjectTypes' rule option.
- If you want a type meaning "any object", you probably want `object` instead.
- If you want a type meaning "any value", you probably want `unknown` instead  @typescript-eslint/no-empty-object-type
  3024:8   warning  The `{}` ("empty object") type allows any non-nullish value, including literals like `0` and `""`.
- If that's what you want, disable this lint rule with an inline comment or configure the 'allowObjectTypes' rule option.
- If you want a type meaning "any object", you probably want `object` instead.
- If you want a type meaning "any value", you probably want `unknown` instead  @typescript-eslint/no-empty-object-type
  3043:8   warning  The `{}` ("empty object") type allows any non-nullish value, including literals like `0` and `""`.
- If that's what you want, disable this lint rule with an inline comment or configure the 'allowObjectTypes' rule option.
- If you want a type meaning "any object", you probably want `object` instead.
- If you want a type meaning "any value", you probably want `unknown` instead  @typescript-eslint/no-empty-object-type
  3043:12  warning  The `{}` ("empty object") type allows any non-nullish value, including literals like `0` and `""`.
- If that's what you want, disable this lint rule with an inline comment or configure the 'allowObjectTypes' rule option.
- If you want a type meaning "any object", you probably want `object` instead.
- If you want a type meaning "any value", you probably want `unknown` instead  @typescript-eslint/no-empty-object-type
  3060:8   warning  The `{}` ("empty object") type allows any non-nullish value, including literals like `0` and `""`.
- If that's what you want, disable this lint rule with an inline comment or configure the 'allowObjectTypes' rule option.
- If you want a type meaning "any object", you probably want `object` instead.
- If you want a type meaning "any value", you probably want `unknown` instead  @typescript-eslint/no-empty-object-type
  3060:12  warning  The `{}` ("empty object") type allows any non-nullish value, including literals like `0` and `""`.
- If that's what you want, disable this lint rule with an inline comment or configure the 'allowObjectTypes' rule option.
- If you want a type meaning "any object", you probably want `object` instead.
- If you want a type meaning "any value", you probably want `unknown` instead  @typescript-eslint/no-empty-object-type
  3077:8   warning  The `{}` ("empty object") type allows any non-nullish value, including literals like `0` and `""`.
- If that's what you want, disable this lint rule with an inline comment or configure the 'allowObjectTypes' rule option.
- If you want a type meaning "any object", you probably want `object` instead.
- If you want a type meaning "any value", you probably want `unknown` instead  @typescript-eslint/no-empty-object-type
  3077:12  warning  The `{}` ("empty object") type allows any non-nullish value, including literals like `0` and `""`.
- If that's what you want, disable this lint rule with an inline comment or configure the 'allowObjectTypes' rule option.
- If you want a type meaning "any object", you probably want `object` instead.
- If you want a type meaning "any value", you probably want `unknown` instead  @typescript-eslint/no-empty-object-type
  3111:8   warning  The `{}` ("empty object") type allows any non-nullish value, including literals like `0` and `""`.
- If that's what you want, disable this lint rule with an inline comment or configure the 'allowObjectTypes' rule option.
- If you want a type meaning "any object", you probably want `object` instead.
- If you want a type meaning "any value", you probably want `unknown` instead  @typescript-eslint/no-empty-object-type
  3111:12  warning  The `{}` ("empty object") type allows any non-nullish value, including literals like `0` and `""`.
- If that's what you want, disable this lint rule with an inline comment or configure the 'allowObjectTypes' rule option.
- If you want a type meaning "any object", you probably want `object` instead.
- If you want a type meaning "any value", you probably want `unknown` instead  @typescript-eslint/no-empty-object-type
  3128:8   warning  The `{}` ("empty object") type allows any non-nullish value, including literals like `0` and `""`.
- If that's what you want, disable this lint rule with an inline comment or configure the 'allowObjectTypes' rule option.
- If you want a type meaning "any object", you probably want `object` instead.
- If you want a type meaning "any value", you probably want `unknown` instead  @typescript-eslint/no-empty-object-type
  3128:12  warning  The `{}` ("empty object") type allows any non-nullish value, including literals like `0` and `""`.
- If that's what you want, disable this lint rule with an inline comment or configure the 'allowObjectTypes' rule option.
- If you want a type meaning "any object", you probably want `object` instead.
- If you want a type meaning "any value", you probably want `unknown` instead  @typescript-eslint/no-empty-object-type
  3145:8   warning  The `{}` ("empty object") type allows any non-nullish value, including literals like `0` and `""`.
- If that's what you want, disable this lint rule with an inline comment or configure the 'allowObjectTypes' rule option.
- If you want a type meaning "any object", you probably want `object` instead.
- If you want a type meaning "any value", you probably want `unknown` instead  @typescript-eslint/no-empty-object-type
  3145:12  warning  The `{}` ("empty object") type allows any non-nullish value, including literals like `0` and `""`.
- If that's what you want, disable this lint rule with an inline comment or configure the 'allowObjectTypes' rule option.
- If you want a type meaning "any object", you probably want `object` instead.
- If you want a type meaning "any value", you probably want `unknown` instead  @typescript-eslint/no-empty-object-type
  3162:8   warning  The `{}` ("empty object") type allows any non-nullish value, including literals like `0` and `""`.
- If that's what you want, disable this lint rule with an inline comment or configure the 'allowObjectTypes' rule option.
- If you want a type meaning "any object", you probably want `object` instead.
- If you want a type meaning "any value", you probably want `unknown` instead  @typescript-eslint/no-empty-object-type
  3162:12  warning  The `{}` ("empty object") type allows any non-nullish value, including literals like `0` and `""`.
- If that's what you want, disable this lint rule with an inline comment or configure the 'allowObjectTypes' rule option.
- If you want a type meaning "any object", you probably want `object` instead.
- If you want a type meaning "any value", you probably want `unknown` instead  @typescript-eslint/no-empty-object-type
  3179:8   warning  The `{}` ("empty object") type allows any non-nullish value, including literals like `0` and `""`.
- If that's what you want, disable this lint rule with an inline comment or configure the 'allowObjectTypes' rule option.
- If you want a type meaning "any object", you probably want `object` instead.
- If you want a type meaning "any value", you probably want `unknown` instead  @typescript-eslint/no-empty-object-type
  3198:8   warning  The `{}` ("empty object") type allows any non-nullish value, including literals like `0` and `""`.
- If that's what you want, disable this lint rule with an inline comment or configure the 'allowObjectTypes' rule option.
- If you want a type meaning "any object", you probably want `object` instead.
- If you want a type meaning "any value", you probably want `unknown` instead  @typescript-eslint/no-empty-object-type
  3198:12  warning  The `{}` ("empty object") type allows any non-nullish value, including literals like `0` and `""`.
- If that's what you want, disable this lint rule with an inline comment or configure the 'allowObjectTypes' rule option.
- If you want a type meaning "any object", you probably want `object` instead.
- If you want a type meaning "any value", you probably want `unknown` instead  @typescript-eslint/no-empty-object-type
  3215:8   warning  The `{}` ("empty object") type allows any non-nullish value, including literals like `0` and `""`.
- If that's what you want, disable this lint rule with an inline comment or configure the 'allowObjectTypes' rule option.
- If you want a type meaning "any object", you probably want `object` instead.
- If you want a type meaning "any value", you probably want `unknown` instead  @typescript-eslint/no-empty-object-type
  3215:12  warning  The `{}` ("empty object") type allows any non-nullish value, including literals like `0` and `""`.
- If that's what you want, disable this lint rule with an inline comment or configure the 'allowObjectTypes' rule option.
- If you want a type meaning "any object", you probably want `object` instead.
- If you want a type meaning "any value", you probably want `unknown` instead  @typescript-eslint/no-empty-object-type
  3278:8   warning  The `{}` ("empty object") type allows any non-nullish value, including literals like `0` and `""`.
- If that's what you want, disable this lint rule with an inline comment or configure the 'allowObjectTypes' rule option.
- If you want a type meaning "any object", you probably want `object` instead.
- If you want a type meaning "any value", you probably want `unknown` instead  @typescript-eslint/no-empty-object-type
  3278:12  warning  The `{}` ("empty object") type allows any non-nullish value, including literals like `0` and `""`.
- If that's what you want, disable this lint rule with an inline comment or configure the 'allowObjectTypes' rule option.
- If you want a type meaning "any object", you probably want `object` instead.
- If you want a type meaning "any value", you probably want `unknown` instead  @typescript-eslint/no-empty-object-type
  3295:8   warning  The `{}` ("empty object") type allows any non-nullish value, including literals like `0` and `""`.
- If that's what you want, disable this lint rule with an inline comment or configure the 'allowObjectTypes' rule option.
- If you want a type meaning "any object", you probably want `object` instead.
- If you want a type meaning "any value", you probably want `unknown` instead  @typescript-eslint/no-empty-object-type
  3295:12  warning  The `{}` ("empty object") type allows any non-nullish value, including literals like `0` and `""`.
- If that's what you want, disable this lint rule with an inline comment or configure the 'allowObjectTypes' rule option.
- If you want a type meaning "any object", you probably want `object` instead.
- If you want a type meaning "any value", you probably want `unknown` instead  @typescript-eslint/no-empty-object-type
  3312:8   warning  The `{}` ("empty object") type allows any non-nullish value, including literals like `0` and `""`.
- If that's what you want, disable this lint rule with an inline comment or configure the 'allowObjectTypes' rule option.
- If you want a type meaning "any object", you probably want `object` instead.
- If you want a type meaning "any value", you probably want `unknown` instead  @typescript-eslint/no-empty-object-type
  3312:12  warning  The `{}` ("empty object") type allows any non-nullish value, including literals like `0` and `""`.
- If that's what you want, disable this lint rule with an inline comment or configure the 'allowObjectTypes' rule option.
- If you want a type meaning "any object", you probably want `object` instead.
- If you want a type meaning "any value", you probably want `unknown` instead  @typescript-eslint/no-empty-object-type
  3329:8   warning  The `{}` ("empty object") type allows any non-nullish value, including literals like `0` and `""`.
- If that's what you want, disable this lint rule with an inline comment or configure the 'allowObjectTypes' rule option.
- If you want a type meaning "any object", you probably want `object` instead.
- If you want a type meaning "any value", you probably want `unknown` instead  @typescript-eslint/no-empty-object-type
  3329:12  warning  The `{}` ("empty object") type allows any non-nullish value, including literals like `0` and `""`.
- If that's what you want, disable this lint rule with an inline comment or configure the 'allowObjectTypes' rule option.
- If you want a type meaning "any object", you probably want `object` instead.
- If you want a type meaning "any value", you probably want `unknown` instead  @typescript-eslint/no-empty-object-type
  3346:8   warning  The `{}` ("empty object") type allows any non-nullish value, including literals like `0` and `""`.
- If that's what you want, disable this lint rule with an inline comment or configure the 'allowObjectTypes' rule option.
- If you want a type meaning "any object", you probably want `object` instead.
- If you want a type meaning "any value", you probably want `unknown` instead  @typescript-eslint/no-empty-object-type
  3369:8   warning  The `{}` ("empty object") type allows any non-nullish value, including literals like `0` and `""`.
- If that's what you want, disable this lint rule with an inline comment or configure the 'allowObjectTypes' rule option.
- If you want a type meaning "any object", you probably want `object` instead.
- If you want a type meaning "any value", you probably want `unknown` instead  @typescript-eslint/no-empty-object-type
  3392:8   warning  The `{}` ("empty object") type allows any non-nullish value, including literals like `0` and `""`.
- If that's what you want, disable this lint rule with an inline comment or configure the 'allowObjectTypes' rule option.
- If you want a type meaning "any object", you probably want `object` instead.
- If you want a type meaning "any value", you probably want `unknown` instead  @typescript-eslint/no-empty-object-type
  3392:12  warning  The `{}` ("empty object") type allows any non-nullish value, including literals like `0` and `""`.
- If that's what you want, disable this lint rule with an inline comment or configure the 'allowObjectTypes' rule option.
- If you want a type meaning "any object", you probably want `object` instead.
- If you want a type meaning "any value", you probably want `unknown` instead  @typescript-eslint/no-empty-object-type
  3409:8   warning  The `{}` ("empty object") type allows any non-nullish value, including literals like `0` and `""`.
- If that's what you want, disable this lint rule with an inline comment or configure the 'allowObjectTypes' rule option.
- If you want a type meaning "any object", you probably want `object` instead.
- If you want a type meaning "any value", you probably want `unknown` instead  @typescript-eslint/no-empty-object-type
  3409:12  warning  The `{}` ("empty object") type allows any non-nullish value, including literals like `0` and `""`.
- If that's what you want, disable this lint rule with an inline comment or configure the 'allowObjectTypes' rule option.
- If you want a type meaning "any object", you probably want `object` instead.
- If you want a type meaning "any value", you probably want `unknown` instead  @typescript-eslint/no-empty-object-type
  3426:8   warning  The `{}` ("empty object") type allows any non-nullish value, including literals like `0` and `""`.
- If that's what you want, disable this lint rule with an inline comment or configure the 'allowObjectTypes' rule option.
- If you want a type meaning "any object", you probably want `object` instead.
- If you want a type meaning "any value", you probably want `unknown` instead  @typescript-eslint/no-empty-object-type
  3445:8   warning  The `{}` ("empty object") type allows any non-nullish value, including literals like `0` and `""`.
- If that's what you want, disable this lint rule with an inline comment or configure the 'allowObjectTypes' rule option.
- If you want a type meaning "any object", you probably want `object` instead.
- If you want a type meaning "any value", you probably want `unknown` instead  @typescript-eslint/no-empty-object-type
  3464:8   warning  The `{}` ("empty object") type allows any non-nullish value, including literals like `0` and `""`.
- If that's what you want, disable this lint rule with an inline comment or configure the 'allowObjectTypes' rule option.
- If you want a type meaning "any object", you probably want `object` instead.
- If you want a type meaning "any value", you probably want `unknown` instead  @typescript-eslint/no-empty-object-type
  3464:12  warning  The `{}` ("empty object") type allows any non-nullish value, including literals like `0` and `""`.
- If that's what you want, disable this lint rule with an inline comment or configure the 'allowObjectTypes' rule option.
- If you want a type meaning "any object", you probably want `object` instead.
- If you want a type meaning "any value", you probably want `unknown` instead  @typescript-eslint/no-empty-object-type
  3481:8   warning  The `{}` ("empty object") type allows any non-nullish value, including literals like `0` and `""`.
- If that's what you want, disable this lint rule with an inline comment or configure the 'allowObjectTypes' rule option.
- If you want a type meaning "any object", you probably want `object` instead.
- If you want a type meaning "any value", you probably want `unknown` instead  @typescript-eslint/no-empty-object-type
  3481:12  warning  The `{}` ("empty object") type allows any non-nullish value, including literals like `0` and `""`.
- If that's what you want, disable this lint rule with an inline comment or configure the 'allowObjectTypes' rule option.
- If you want a type meaning "any object", you probably want `object` instead.
- If you want a type meaning "any value", you probably want `unknown` instead  @typescript-eslint/no-empty-object-type
  3530:8   warning  The `{}` ("empty object") type allows any non-nullish value, including literals like `0` and `""`.
- If that's what you want, disable this lint rule with an inline comment or configure the 'allowObjectTypes' rule option.
- If you want a type meaning "any object", you probably want `object` instead.
- If you want a type meaning "any value", you probably want `unknown` instead  @typescript-eslint/no-empty-object-type
  3530:12  warning  The `{}` ("empty object") type allows any non-nullish value, including literals like `0` and `""`.
- If that's what you want, disable this lint rule with an inline comment or configure the 'allowObjectTypes' rule option.
- If you want a type meaning "any object", you probably want `object` instead.
- If you want a type meaning "any value", you probably want `unknown` instead  @typescript-eslint/no-empty-object-type
  3547:8   warning  The `{}` ("empty object") type allows any non-nullish value, including literals like `0` and `""`.
- If that's what you want, disable this lint rule with an inline comment or configure the 'allowObjectTypes' rule option.
- If you want a type meaning "any object", you probably want `object` instead.
- If you want a type meaning "any value", you probably want `unknown` instead  @typescript-eslint/no-empty-object-type
  3547:12  warning  The `{}` ("empty object") type allows any non-nullish value, including literals like `0` and `""`.
- If that's what you want, disable this lint rule with an inline comment or configure the 'allowObjectTypes' rule option.
- If you want a type meaning "any object", you probably want `object` instead.
- If you want a type meaning "any value", you probably want `unknown` instead  @typescript-eslint/no-empty-object-type
  3564:8   warning  The `{}` ("empty object") type allows any non-nullish value, including literals like `0` and `""`.
- If that's what you want, disable this lint rule with an inline comment or configure the 'allowObjectTypes' rule option.
- If you want a type meaning "any object", you probably want `object` instead.
- If you want a type meaning "any value", you probably want `unknown` instead  @typescript-eslint/no-empty-object-type
  3564:12  warning  The `{}` ("empty object") type allows any non-nullish value, including literals like `0` and `""`.
- If that's what you want, disable this lint rule with an inline comment or configure the 'allowObjectTypes' rule option.
- If you want a type meaning "any object", you probably want `object` instead.
- If you want a type meaning "any value", you probably want `unknown` instead  @typescript-eslint/no-empty-object-type
  3581:8   warning  The `{}` ("empty object") type allows any non-nullish value, including literals like `0` and `""`.
- If that's what you want, disable this lint rule with an inline comment or configure the 'allowObjectTypes' rule option.
- If you want a type meaning "any object", you probably want `object` instead.
- If you want a type meaning "any value", you probably want `unknown` instead  @typescript-eslint/no-empty-object-type
  3581:12  warning  The `{}` ("empty object") type allows any non-nullish value, including literals like `0` and `""`.
- If that's what you want, disable this lint rule with an inline comment or configure the 'allowObjectTypes' rule option.
- If you want a type meaning "any object", you probably want `object` instead.
- If you want a type meaning "any value", you probably want `unknown` instead  @typescript-eslint/no-empty-object-type
  3598:8   warning  The `{}` ("empty object") type allows any non-nullish value, including literals like `0` and `""`.
- If that's what you want, disable this lint rule with an inline comment or configure the 'allowObjectTypes' rule option.
- If you want a type meaning "any object", you probably want `object` instead.
- If you want a type meaning "any value", you probably want `unknown` instead  @typescript-eslint/no-empty-object-type
  3598:12  warning  The `{}` ("empty object") type allows any non-nullish value, including literals like `0` and `""`.
- If that's what you want, disable this lint rule with an inline comment or configure the 'allowObjectTypes' rule option.
- If you want a type meaning "any object", you probably want `object` instead.
- If you want a type meaning "any value", you probably want `unknown` instead  @typescript-eslint/no-empty-object-type
  3615:8   warning  The `{}` ("empty object") type allows any non-nullish value, including literals like `0` and `""`.
- If that's what you want, disable this lint rule with an inline comment or configure the 'allowObjectTypes' rule option.
- If you want a type meaning "any object", you probably want `object` instead.
- If you want a type meaning "any value", you probably want `unknown` instead  @typescript-eslint/no-empty-object-type
  3615:12  warning  The `{}` ("empty object") type allows any non-nullish value, including literals like `0` and `""`.
- If that's what you want, disable this lint rule with an inline comment or configure the 'allowObjectTypes' rule option.
- If you want a type meaning "any object", you probably want `object` instead.
- If you want a type meaning "any value", you probably want `unknown` instead  @typescript-eslint/no-empty-object-type
  3632:8   warning  The `{}` ("empty object") type allows any non-nullish value, including literals like `0` and `""`.
- If that's what you want, disable this lint rule with an inline comment or configure the 'allowObjectTypes' rule option.
- If you want a type meaning "any object", you probably want `object` instead.
- If you want a type meaning "any value", you probably want `unknown` instead  @typescript-eslint/no-empty-object-type
  3632:12  warning  The `{}` ("empty object") type allows any non-nullish value, including literals like `0` and `""`.
- If that's what you want, disable this lint rule with an inline comment or configure the 'allowObjectTypes' rule option.
- If you want a type meaning "any object", you probably want `object` instead.
- If you want a type meaning "any value", you probably want `unknown` instead  @typescript-eslint/no-empty-object-type
  3649:8   warning  The `{}` ("empty object") type allows any non-nullish value, including literals like `0` and `""`.
- If that's what you want, disable this lint rule with an inline comment or configure the 'allowObjectTypes' rule option.
- If you want a type meaning "any object", you probably want `object` instead.
- If you want a type meaning "any value", you probably want `unknown` instead  @typescript-eslint/no-empty-object-type
  3668:8   warning  The `{}` ("empty object") type allows any non-nullish value, including literals like `0` and `""`.
- If that's what you want, disable this lint rule with an inline comment or configure the 'allowObjectTypes' rule option.
- If you want a type meaning "any object", you probably want `object` instead.
- If you want a type meaning "any value", you probably want `unknown` instead  @typescript-eslint/no-empty-object-type
  3687:8   warning  The `{}` ("empty object") type allows any non-nullish value, including literals like `0` and `""`.
- If that's what you want, disable this lint rule with an inline comment or configure the 'allowObjectTypes' rule option.
- If you want a type meaning "any object", you probably want `object` instead.
- If you want a type meaning "any value", you probably want `unknown` instead  @typescript-eslint/no-empty-object-type
  3687:12  warning  The `{}` ("empty object") type allows any non-nullish value, including literals like `0` and `""`.
- If that's what you want, disable this lint rule with an inline comment or configure the 'allowObjectTypes' rule option.
- If you want a type meaning "any object", you probably want `object` instead.
- If you want a type meaning "any value", you probably want `unknown` instead  @typescript-eslint/no-empty-object-type
  3728:8   warning  The `{}` ("empty object") type allows any non-nullish value, including literals like `0` and `""`.
- If that's what you want, disable this lint rule with an inline comment or configure the 'allowObjectTypes' rule option.
- If you want a type meaning "any object", you probably want `object` instead.
- If you want a type meaning "any value", you probably want `unknown` instead  @typescript-eslint/no-empty-object-type
  3728:12  warning  The `{}` ("empty object") type allows any non-nullish value, including literals like `0` and `""`.
- If that's what you want, disable this lint rule with an inline comment or configure the 'allowObjectTypes' rule option.
- If you want a type meaning "any object", you probably want `object` instead.
- If you want a type meaning "any value", you probably want `unknown` instead  @typescript-eslint/no-empty-object-type
  3745:8   warning  The `{}` ("empty object") type allows any non-nullish value, including literals like `0` and `""`.
- If that's what you want, disable this lint rule with an inline comment or configure the 'allowObjectTypes' rule option.
- If you want a type meaning "any object", you probably want `object` instead.
- If you want a type meaning "any value", you probably want `unknown` instead  @typescript-eslint/no-empty-object-type
  3745:12  warning  The `{}` ("empty object") type allows any non-nullish value, including literals like `0` and `""`.
- If that's what you want, disable this lint rule with an inline comment or configure the 'allowObjectTypes' rule option.
- If you want a type meaning "any object", you probably want `object` instead.
- If you want a type meaning "any value", you probably want `unknown` instead  @typescript-eslint/no-empty-object-type
  3762:8   warning  The `{}` ("empty object") type allows any non-nullish value, including literals like `0` and `""`.
- If that's what you want, disable this lint rule with an inline comment or configure the 'allowObjectTypes' rule option.
- If you want a type meaning "any object", you probably want `object` instead.
- If you want a type meaning "any value", you probably want `unknown` instead  @typescript-eslint/no-empty-object-type
  3781:8   warning  The `{}` ("empty object") type allows any non-nullish value, including literals like `0` and `""`.
- If that's what you want, disable this lint rule with an inline comment or configure the 'allowObjectTypes' rule option.
- If you want a type meaning "any object", you probably want `object` instead.
- If you want a type meaning "any value", you probably want `unknown` instead  @typescript-eslint/no-empty-object-type
  3781:12  warning  The `{}` ("empty object") type allows any non-nullish value, including literals like `0` and `""`.
- If that's what you want, disable this lint rule with an inline comment or configure the 'allowObjectTypes' rule option.
- If you want a type meaning "any object", you probably want `object` instead.
- If you want a type meaning "any value", you probably want `unknown` instead  @typescript-eslint/no-empty-object-type
  3798:8   warning  The `{}` ("empty object") type allows any non-nullish value, including literals like `0` and `""`.
- If that's what you want, disable this lint rule with an inline comment or configure the 'allowObjectTypes' rule option.
- If you want a type meaning "any object", you probably want `object` instead.
- If you want a type meaning "any value", you probably want `unknown` instead  @typescript-eslint/no-empty-object-type
  3798:12  warning  The `{}` ("empty object") type allows any non-nullish value, including literals like `0` and `""`.
- If that's what you want, disable this lint rule with an inline comment or configure the 'allowObjectTypes' rule option.
- If you want a type meaning "any object", you probably want `object` instead.
- If you want a type meaning "any value", you probably want `unknown` instead  @typescript-eslint/no-empty-object-type
  3815:8   warning  The `{}` ("empty object") type allows any non-nullish value, including literals like `0` and `""`.
- If that's what you want, disable this lint rule with an inline comment or configure the 'allowObjectTypes' rule option.
- If you want a type meaning "any object", you probably want `object` instead.
- If you want a type meaning "any value", you probably want `unknown` instead  @typescript-eslint/no-empty-object-type
  3815:12  warning  The `{}` ("empty object") type allows any non-nullish value, including literals like `0` and `""`.
- If that's what you want, disable this lint rule with an inline comment or configure the 'allowObjectTypes' rule option.
- If you want a type meaning "any object", you probably want `object` instead.
- If you want a type meaning "any value", you probably want `unknown` instead  @typescript-eslint/no-empty-object-type
  3832:8   warning  The `{}` ("empty object") type allows any non-nullish value, including literals like `0` and `""`.
- If that's what you want, disable this lint rule with an inline comment or configure the 'allowObjectTypes' rule option.
- If you want a type meaning "any object", you probably want `object` instead.
- If you want a type meaning "any value", you probably want `unknown` instead  @typescript-eslint/no-empty-object-type
  3851:8   warning  The `{}` ("empty object") type allows any non-nullish value, including literals like `0` and `""`.
- If that's what you want, disable this lint rule with an inline comment or configure the 'allowObjectTypes' rule option.
- If you want a type meaning "any object", you probably want `object` instead.
- If you want a type meaning "any value", you probably want `unknown` instead  @typescript-eslint/no-empty-object-type
  3851:12  warning  The `{}` ("empty object") type allows any non-nullish value, including literals like `0` and `""`.
- If that's what you want, disable this lint rule with an inline comment or configure the 'allowObjectTypes' rule option.
- If you want a type meaning "any object", you probably want `object` instead.
- If you want a type meaning "any value", you probably want `unknown` instead  @typescript-eslint/no-empty-object-type
  3891:8   warning  The `{}` ("empty object") type allows any non-nullish value, including literals like `0` and `""`.
- If that's what you want, disable this lint rule with an inline comment or configure the 'allowObjectTypes' rule option.
- If you want a type meaning "any object", you probably want `object` instead.
- If you want a type meaning "any value", you probably want `unknown` instead  @typescript-eslint/no-empty-object-type
  3891:12  warning  The `{}` ("empty object") type allows any non-nullish value, including literals like `0` and `""`.
- If that's what you want, disable this lint rule with an inline comment or configure the 'allowObjectTypes' rule option.
- If you want a type meaning "any object", you probably want `object` instead.
- If you want a type meaning "any value", you probably want `unknown` instead  @typescript-eslint/no-empty-object-type
  3908:8   warning  The `{}` ("empty object") type allows any non-nullish value, including literals like `0` and `""`.
- If that's what you want, disable this lint rule with an inline comment or configure the 'allowObjectTypes' rule option.
- If you want a type meaning "any object", you probably want `object` instead.
- If you want a type meaning "any value", you probably want `unknown` instead  @typescript-eslint/no-empty-object-type
  3908:12  warning  The `{}` ("empty object") type allows any non-nullish value, including literals like `0` and `""`.
- If that's what you want, disable this lint rule with an inline comment or configure the 'allowObjectTypes' rule option.
- If you want a type meaning "any object", you probably want `object` instead.
- If you want a type meaning "any value", you probably want `unknown` instead  @typescript-eslint/no-empty-object-type
  3925:8   warning  The `{}` ("empty object") type allows any non-nullish value, including literals like `0` and `""`.
- If that's what you want, disable this lint rule with an inline comment or configure the 'allowObjectTypes' rule option.
- If you want a type meaning "any object", you probably want `object` instead.
- If you want a type meaning "any value", you probably want `unknown` instead  @typescript-eslint/no-empty-object-type
  3925:12  warning  The `{}` ("empty object") type allows any non-nullish value, including literals like `0` and `""`.
- If that's what you want, disable this lint rule with an inline comment or configure the 'allowObjectTypes' rule option.
- If you want a type meaning "any object", you probably want `object` instead.
- If you want a type meaning "any value", you probably want `unknown` instead  @typescript-eslint/no-empty-object-type
  3942:8   warning  The `{}` ("empty object") type allows any non-nullish value, including literals like `0` and `""`.
- If that's what you want, disable this lint rule with an inline comment or configure the 'allowObjectTypes' rule option.
- If you want a type meaning "any object", you probably want `object` instead.
- If you want a type meaning "any value", you probably want `unknown` instead  @typescript-eslint/no-empty-object-type
  3942:12  warning  The `{}` ("empty object") type allows any non-nullish value, including literals like `0` and `""`.
- If that's what you want, disable this lint rule with an inline comment or configure the 'allowObjectTypes' rule option.
- If you want a type meaning "any object", you probably want `object` instead.
- If you want a type meaning "any value", you probably want `unknown` instead  @typescript-eslint/no-empty-object-type
  3959:8   warning  The `{}` ("empty object") type allows any non-nullish value, including literals like `0` and `""`.
- If that's what you want, disable this lint rule with an inline comment or configure the 'allowObjectTypes' rule option.
- If you want a type meaning "any object", you probably want `object` instead.
- If you want a type meaning "any value", you probably want `unknown` instead  @typescript-eslint/no-empty-object-type
  3959:12  warning  The `{}` ("empty object") type allows any non-nullish value, including literals like `0` and `""`.
- If that's what you want, disable this lint rule with an inline comment or configure the 'allowObjectTypes' rule option.
- If you want a type meaning "any object", you probably want `object` instead.
- If you want a type meaning "any value", you probably want `unknown` instead  @typescript-eslint/no-empty-object-type
  3976:8   warning  The `{}` ("empty object") type allows any non-nullish value, including literals like `0` and `""`.
- If that's what you want, disable this lint rule with an inline comment or configure the 'allowObjectTypes' rule option.
- If you want a type meaning "any object", you probably want `object` instead.
- If you want a type meaning "any value", you probably want `unknown` instead  @typescript-eslint/no-empty-object-type
  3995:8   warning  The `{}` ("empty object") type allows any non-nullish value, including literals like `0` and `""`.
- If that's what you want, disable this lint rule with an inline comment or configure the 'allowObjectTypes' rule option.
- If you want a type meaning "any object", you probably want `object` instead.
- If you want a type meaning "any value", you probably want `unknown` instead  @typescript-eslint/no-empty-object-type
  3995:12  warning  The `{}` ("empty object") type allows any non-nullish value, including literals like `0` and `""`.
- If that's what you want, disable this lint rule with an inline comment or configure the 'allowObjectTypes' rule option.
- If you want a type meaning "any object", you probably want `object` instead.
- If you want a type meaning "any value", you probably want `unknown` instead  @typescript-eslint/no-empty-object-type
  4029:8   warning  The `{}` ("empty object") type allows any non-nullish value, including literals like `0` and `""`.
- If that's what you want, disable this lint rule with an inline comment or configure the 'allowObjectTypes' rule option.
- If you want a type meaning "any object", you probably want `object` instead.
- If you want a type meaning "any value", you probably want `unknown` instead  @typescript-eslint/no-empty-object-type
  4029:12  warning  The `{}` ("empty object") type allows any non-nullish value, including literals like `0` and `""`.
- If that's what you want, disable this lint rule with an inline comment or configure the 'allowObjectTypes' rule option.
- If you want a type meaning "any object", you probably want `object` instead.
- If you want a type meaning "any value", you probably want `unknown` instead  @typescript-eslint/no-empty-object-type
  4046:8   warning  The `{}` ("empty object") type allows any non-nullish value, including literals like `0` and `""`.
- If that's what you want, disable this lint rule with an inline comment or configure the 'allowObjectTypes' rule option.
- If you want a type meaning "any object", you probably want `object` instead.
- If you want a type meaning "any value", you probably want `unknown` instead  @typescript-eslint/no-empty-object-type
  4046:12  warning  The `{}` ("empty object") type allows any non-nullish value, including literals like `0` and `""`.
- If that's what you want, disable this lint rule with an inline comment or configure the 'allowObjectTypes' rule option.
- If you want a type meaning "any object", you probably want `object` instead.
- If you want a type meaning "any value", you probably want `unknown` instead  @typescript-eslint/no-empty-object-type
  4063:8   warning  The `{}` ("empty object") type allows any non-nullish value, including literals like `0` and `""`.
- If that's what you want, disable this lint rule with an inline comment or configure the 'allowObjectTypes' rule option.
- If you want a type meaning "any object", you probably want `object` instead.
- If you want a type meaning "any value", you probably want `unknown` instead  @typescript-eslint/no-empty-object-type
  4063:12  warning  The `{}` ("empty object") type allows any non-nullish value, including literals like `0` and `""`.
- If that's what you want, disable this lint rule with an inline comment or configure the 'allowObjectTypes' rule option.
- If you want a type meaning "any object", you probably want `object` instead.
- If you want a type meaning "any value", you probably want `unknown` instead  @typescript-eslint/no-empty-object-type
  4080:8   warning  The `{}` ("empty object") type allows any non-nullish value, including literals like `0` and `""`.
- If that's what you want, disable this lint rule with an inline comment or configure the 'allowObjectTypes' rule option.
- If you want a type meaning "any object", you probably want `object` instead.
- If you want a type meaning "any value", you probably want `unknown` instead  @typescript-eslint/no-empty-object-type
  4099:8   warning  The `{}` ("empty object") type allows any non-nullish value, including literals like `0` and `""`.
- If that's what you want, disable this lint rule with an inline comment or configure the 'allowObjectTypes' rule option.
- If you want a type meaning "any object", you probably want `object` instead.
- If you want a type meaning "any value", you probably want `unknown` instead  @typescript-eslint/no-empty-object-type
  4099:12  warning  The `{}` ("empty object") type allows any non-nullish value, including literals like `0` and `""`.
- If that's what you want, disable this lint rule with an inline comment or configure the 'allowObjectTypes' rule option.
- If you want a type meaning "any object", you probably want `object` instead.
- If you want a type meaning "any value", you probably want `unknown` instead  @typescript-eslint/no-empty-object-type
  4149:8   warning  The `{}` ("empty object") type allows any non-nullish value, including literals like `0` and `""`.
- If that's what you want, disable this lint rule with an inline comment or configure the 'allowObjectTypes' rule option.
- If you want a type meaning "any object", you probably want `object` instead.
- If you want a type meaning "any value", you probably want `unknown` instead  @typescript-eslint/no-empty-object-type
  4149:12  warning  The `{}` ("empty object") type allows any non-nullish value, including literals like `0` and `""`.
- If that's what you want, disable this lint rule with an inline comment or configure the 'allowObjectTypes' rule option.
- If you want a type meaning "any object", you probably want `object` instead.
- If you want a type meaning "any value", you probably want `unknown` instead  @typescript-eslint/no-empty-object-type
  4166:8   warning  The `{}` ("empty object") type allows any non-nullish value, including literals like `0` and `""`.
- If that's what you want, disable this lint rule with an inline comment or configure the 'allowObjectTypes' rule option.
- If you want a type meaning "any object", you probably want `object` instead.
- If you want a type meaning "any value", you probably want `unknown` instead  @typescript-eslint/no-empty-object-type
  4185:8   warning  The `{}` ("empty object") type allows any non-nullish value, including literals like `0` and `""`.
- If that's what you want, disable this lint rule with an inline comment or configure the 'allowObjectTypes' rule option.
- If you want a type meaning "any object", you probably want `object` instead.
- If you want a type meaning "any value", you probably want `unknown` instead  @typescript-eslint/no-empty-object-type
  4185:12  warning  The `{}` ("empty object") type allows any non-nullish value, including literals like `0` and `""`.
- If that's what you want, disable this lint rule with an inline comment or configure the 'allowObjectTypes' rule option.
- If you want a type meaning "any object", you probably want `object` instead.
- If you want a type meaning "any value", you probably want `unknown` instead  @typescript-eslint/no-empty-object-type
  4202:8   warning  The `{}` ("empty object") type allows any non-nullish value, including literals like `0` and `""`.
- If that's what you want, disable this lint rule with an inline comment or configure the 'allowObjectTypes' rule option.
- If you want a type meaning "any object", you probably want `object` instead.
- If you want a type meaning "any value", you probably want `unknown` instead  @typescript-eslint/no-empty-object-type
  4202:12  warning  The `{}` ("empty object") type allows any non-nullish value, including literals like `0` and `""`.
- If that's what you want, disable this lint rule with an inline comment or configure the 'allowObjectTypes' rule option.
- If you want a type meaning "any object", you probably want `object` instead.
- If you want a type meaning "any value", you probably want `unknown` instead  @typescript-eslint/no-empty-object-type
  4219:8   warning  The `{}` ("empty object") type allows any non-nullish value, including literals like `0` and `""`.
- If that's what you want, disable this lint rule with an inline comment or configure the 'allowObjectTypes' rule option.
- If you want a type meaning "any object", you probably want `object` instead.
- If you want a type meaning "any value", you probably want `unknown` instead  @typescript-eslint/no-empty-object-type
  4219:12  warning  The `{}` ("empty object") type allows any non-nullish value, including literals like `0` and `""`.
- If that's what you want, disable this lint rule with an inline comment or configure the 'allowObjectTypes' rule option.
- If you want a type meaning "any object", you probably want `object` instead.
- If you want a type meaning "any value", you probably want `unknown` instead  @typescript-eslint/no-empty-object-type
  4236:8   warning  The `{}` ("empty object") type allows any non-nullish value, including literals like `0` and `""`.
- If that's what you want, disable this lint rule with an inline comment or configure the 'allowObjectTypes' rule option.
- If you want a type meaning "any object", you probably want `object` instead.
- If you want a type meaning "any value", you probably want `unknown` instead  @typescript-eslint/no-empty-object-type
  4236:12  warning  The `{}` ("empty object") type allows any non-nullish value, including literals like `0` and `""`.
- If that's what you want, disable this lint rule with an inline comment or configure the 'allowObjectTypes' rule option.
- If you want a type meaning "any object", you probably want `object` instead.
- If you want a type meaning "any value", you probably want `unknown` instead  @typescript-eslint/no-empty-object-type
  4253:8   warning  The `{}` ("empty object") type allows any non-nullish value, including literals like `0` and `""`.
- If that's what you want, disable this lint rule with an inline comment or configure the 'allowObjectTypes' rule option.
- If you want a type meaning "any object", you probably want `object` instead.
- If you want a type meaning "any value", you probably want `unknown` instead  @typescript-eslint/no-empty-object-type
  4253:12  warning  The `{}` ("empty object") type allows any non-nullish value, including literals like `0` and `""`.
- If that's what you want, disable this lint rule with an inline comment or configure the 'allowObjectTypes' rule option.
- If you want a type meaning "any object", you probably want `object` instead.
- If you want a type meaning "any value", you probably want `unknown` instead  @typescript-eslint/no-empty-object-type
  4270:8   warning  The `{}` ("empty object") type allows any non-nullish value, including literals like `0` and `""`.
- If that's what you want, disable this lint rule with an inline comment or configure the 'allowObjectTypes' rule option.
- If you want a type meaning "any object", you probably want `object` instead.
- If you want a type meaning "any value", you probably want `unknown` instead  @typescript-eslint/no-empty-object-type
  4289:8   warning  The `{}` ("empty object") type allows any non-nullish value, including literals like `0` and `""`.
- If that's what you want, disable this lint rule with an inline comment or configure the 'allowObjectTypes' rule option.
- If you want a type meaning "any object", you probably want `object` instead.
- If you want a type meaning "any value", you probably want `unknown` instead  @typescript-eslint/no-empty-object-type
  4289:12  warning  The `{}` ("empty object") type allows any non-nullish value, including literals like `0` and `""`.
- If that's what you want, disable this lint rule with an inline comment or configure the 'allowObjectTypes' rule option.
- If you want a type meaning "any object", you probably want `object` instead.
- If you want a type meaning "any value", you probably want `unknown` instead  @typescript-eslint/no-empty-object-type
  4306:8   warning  The `{}` ("empty object") type allows any non-nullish value, including literals like `0` and `""`.
- If that's what you want, disable this lint rule with an inline comment or configure the 'allowObjectTypes' rule option.
- If you want a type meaning "any object", you probably want `object` instead.
- If you want a type meaning "any value", you probably want `unknown` instead  @typescript-eslint/no-empty-object-type
  4306:12  warning  The `{}` ("empty object") type allows any non-nullish value, including literals like `0` and `""`.
- If that's what you want, disable this lint rule with an inline comment or configure the 'allowObjectTypes' rule option.
- If you want a type meaning "any object", you probably want `object` instead.
- If you want a type meaning "any value", you probably want `unknown` instead  @typescript-eslint/no-empty-object-type
  4323:8   warning  The `{}` ("empty object") type allows any non-nullish value, including literals like `0` and `""`.
- If that's what you want, disable this lint rule with an inline comment or configure the 'allowObjectTypes' rule option.
- If you want a type meaning "any object", you probably want `object` instead.
- If you want a type meaning "any value", you probably want `unknown` instead  @typescript-eslint/no-empty-object-type
  4323:12  warning  The `{}` ("empty object") type allows any non-nullish value, including literals like `0` and `""`.
- If that's what you want, disable this lint rule with an inline comment or configure the 'allowObjectTypes' rule option.
- If you want a type meaning "any object", you probably want `object` instead.
- If you want a type meaning "any value", you probably want `unknown` instead  @typescript-eslint/no-empty-object-type
  4370:8   warning  The `{}` ("empty object") type allows any non-nullish value, including literals like `0` and `""`.
- If that's what you want, disable this lint rule with an inline comment or configure the 'allowObjectTypes' rule option.
- If you want a type meaning "any object", you probably want `object` instead.
- If you want a type meaning "any value", you probably want `unknown` instead  @typescript-eslint/no-empty-object-type
  4370:12  warning  The `{}` ("empty object") type allows any non-nullish value, including literals like `0` and `""`.
- If that's what you want, disable this lint rule with an inline comment or configure the 'allowObjectTypes' rule option.
- If you want a type meaning "any object", you probably want `object` instead.
- If you want a type meaning "any value", you probably want `unknown` instead  @typescript-eslint/no-empty-object-type
  4387:8   warning  The `{}` ("empty object") type allows any non-nullish value, including literals like `0` and `""`.
- If that's what you want, disable this lint rule with an inline comment or configure the 'allowObjectTypes' rule option.
- If you want a type meaning "any object", you probably want `object` instead.
- If you want a type meaning "any value", you probably want `unknown` instead  @typescript-eslint/no-empty-object-type
  4387:12  warning  The `{}` ("empty object") type allows any non-nullish value, including literals like `0` and `""`.
- If that's what you want, disable this lint rule with an inline comment or configure the 'allowObjectTypes' rule option.
- If you want a type meaning "any object", you probably want `object` instead.
- If you want a type meaning "any value", you probably want `unknown` instead  @typescript-eslint/no-empty-object-type
  4404:8   warning  The `{}` ("empty object") type allows any non-nullish value, including literals like `0` and `""`.
- If that's what you want, disable this lint rule with an inline comment or configure the 'allowObjectTypes' rule option.
- If you want a type meaning "any object", you probably want `object` instead.
- If you want a type meaning "any value", you probably want `unknown` instead  @typescript-eslint/no-empty-object-type
  4404:12  warning  The `{}` ("empty object") type allows any non-nullish value, including literals like `0` and `""`.
- If that's what you want, disable this lint rule with an inline comment or configure the 'allowObjectTypes' rule option.
- If you want a type meaning "any object", you probably want `object` instead.
- If you want a type meaning "any value", you probably want `unknown` instead  @typescript-eslint/no-empty-object-type
  4421:8   warning  The `{}` ("empty object") type allows any non-nullish value, including literals like `0` and `""`.
- If that's what you want, disable this lint rule with an inline comment or configure the 'allowObjectTypes' rule option.
- If you want a type meaning "any object", you probably want `object` instead.
- If you want a type meaning "any value", you probably want `unknown` instead  @typescript-eslint/no-empty-object-type
  4421:12  warning  The `{}` ("empty object") type allows any non-nullish value, including literals like `0` and `""`.
- If that's what you want, disable this lint rule with an inline comment or configure the 'allowObjectTypes' rule option.
- If you want a type meaning "any object", you probably want `object` instead.
- If you want a type meaning "any value", you probably want `unknown` instead  @typescript-eslint/no-empty-object-type
  4438:8   warning  The `{}` ("empty object") type allows any non-nullish value, including literals like `0` and `""`.
- If that's what you want, disable this lint rule with an inline comment or configure the 'allowObjectTypes' rule option.
- If you want a type meaning "any object", you probably want `object` instead.
- If you want a type meaning "any value", you probably want `unknown` instead  @typescript-eslint/no-empty-object-type
  4457:8   warning  The `{}` ("empty object") type allows any non-nullish value, including literals like `0` and `""`.
- If that's what you want, disable this lint rule with an inline comment or configure the 'allowObjectTypes' rule option.
- If you want a type meaning "any object", you probably want `object` instead.
- If you want a type meaning "any value", you probably want `unknown` instead  @typescript-eslint/no-empty-object-type
  4476:8   warning  The `{}` ("empty object") type allows any non-nullish value, including literals like `0` and `""`.
- If that's what you want, disable this lint rule with an inline comment or configure the 'allowObjectTypes' rule option.
- If you want a type meaning "any object", you probably want `object` instead.
- If you want a type meaning "any value", you probably want `unknown` instead  @typescript-eslint/no-empty-object-type
  4476:12  warning  The `{}` ("empty object") type allows any non-nullish value, including literals like `0` and `""`.
- If that's what you want, disable this lint rule with an inline comment or configure the 'allowObjectTypes' rule option.
- If you want a type meaning "any object", you probably want `object` instead.
- If you want a type meaning "any value", you probably want `unknown` instead  @typescript-eslint/no-empty-object-type
  4493:8   warning  The `{}` ("empty object") type allows any non-nullish value, including literals like `0` and `""`.
- If that's what you want, disable this lint rule with an inline comment or configure the 'allowObjectTypes' rule option.
- If you want a type meaning "any object", you probably want `object` instead.
- If you want a type meaning "any value", you probably want `unknown` instead  @typescript-eslint/no-empty-object-type
  4493:12  warning  The `{}` ("empty object") type allows any non-nullish value, including literals like `0` and `""`.
- If that's what you want, disable this lint rule with an inline comment or configure the 'allowObjectTypes' rule option.
- If you want a type meaning "any object", you probably want `object` instead.
- If you want a type meaning "any value", you probably want `unknown` instead  @typescript-eslint/no-empty-object-type
  4510:8   warning  The `{}` ("empty object") type allows any non-nullish value, including literals like `0` and `""`.
- If that's what you want, disable this lint rule with an inline comment or configure the 'allowObjectTypes' rule option.
- If you want a type meaning "any object", you probably want `object` instead.
- If you want a type meaning "any value", you probably want `unknown` instead  @typescript-eslint/no-empty-object-type
  4510:12  warning  The `{}` ("empty object") type allows any non-nullish value, including literals like `0` and `""`.
- If that's what you want, disable this lint rule with an inline comment or configure the 'allowObjectTypes' rule option.
- If you want a type meaning "any object", you probably want `object` instead.
- If you want a type meaning "any value", you probably want `unknown` instead  @typescript-eslint/no-empty-object-type
  4527:8   warning  The `{}` ("empty object") type allows any non-nullish value, including literals like `0` and `""`.
- If that's what you want, disable this lint rule with an inline comment or configure the 'allowObjectTypes' rule option.
- If you want a type meaning "any object", you probably want `object` instead.
- If you want a type meaning "any value", you probably want `unknown` instead  @typescript-eslint/no-empty-object-type
  4573:8   warning  The `{}` ("empty object") type allows any non-nullish value, including literals like `0` and `""`.
- If that's what you want, disable this lint rule with an inline comment or configure the 'allowObjectTypes' rule option.
- If you want a type meaning "any object", you probably want `object` instead.
- If you want a type meaning "any value", you probably want `unknown` instead  @typescript-eslint/no-empty-object-type
  4573:12  warning  The `{}` ("empty object") type allows any non-nullish value, including literals like `0` and `""`.
- If that's what you want, disable this lint rule with an inline comment or configure the 'allowObjectTypes' rule option.
- If you want a type meaning "any object", you probably want `object` instead.
- If you want a type meaning "any value", you probably want `unknown` instead  @typescript-eslint/no-empty-object-type
  4590:8   warning  The `{}` ("empty object") type allows any non-nullish value, including literals like `0` and `""`.
- If that's what you want, disable this lint rule with an inline comment or configure the 'allowObjectTypes' rule option.
- If you want a type meaning "any object", you probably want `object` instead.
- If you want a type meaning "any value", you probably want `unknown` instead  @typescript-eslint/no-empty-object-type
  4590:12  warning  The `{}` ("empty object") type allows any non-nullish value, including literals like `0` and `""`.
- If that's what you want, disable this lint rule with an inline comment or configure the 'allowObjectTypes' rule option.
- If you want a type meaning "any object", you probably want `object` instead.
- If you want a type meaning "any value", you probably want `unknown` instead  @typescript-eslint/no-empty-object-type
  4607:8   warning  The `{}` ("empty object") type allows any non-nullish value, including literals like `0` and `""`.
- If that's what you want, disable this lint rule with an inline comment or configure the 'allowObjectTypes' rule option.
- If you want a type meaning "any object", you probably want `object` instead.
- If you want a type meaning "any value", you probably want `unknown` instead  @typescript-eslint/no-empty-object-type
  4626:8   warning  The `{}` ("empty object") type allows any non-nullish value, including literals like `0` and `""`.
- If that's what you want, disable this lint rule with an inline comment or configure the 'allowObjectTypes' rule option.
- If you want a type meaning "any object", you probably want `object` instead.
- If you want a type meaning "any value", you probably want `unknown` instead  @typescript-eslint/no-empty-object-type
  4645:8   warning  The `{}` ("empty object") type allows any non-nullish value, including literals like `0` and `""`.
- If that's what you want, disable this lint rule with an inline comment or configure the 'allowObjectTypes' rule option.
- If you want a type meaning "any object", you probably want `object` instead.
- If you want a type meaning "any value", you probably want `unknown` instead  @typescript-eslint/no-empty-object-type
  4645:12  warning  The `{}` ("empty object") type allows any non-nullish value, including literals like `0` and `""`.
- If that's what you want, disable this lint rule with an inline comment or configure the 'allowObjectTypes' rule option.
- If you want a type meaning "any object", you probably want `object` instead.
- If you want a type meaning "any value", you probably want `unknown` instead  @typescript-eslint/no-empty-object-type
  4662:8   warning  The `{}` ("empty object") type allows any non-nullish value, including literals like `0` and `""`.
- If that's what you want, disable this lint rule with an inline comment or configure the 'allowObjectTypes' rule option.
- If you want a type meaning "any object", you probably want `object` instead.
- If you want a type meaning "any value", you probably want `unknown` instead  @typescript-eslint/no-empty-object-type
  4681:8   warning  The `{}` ("empty object") type allows any non-nullish value, including literals like `0` and `""`.
- If that's what you want, disable this lint rule with an inline comment or configure the 'allowObjectTypes' rule option.
- If you want a type meaning "any object", you probably want `object` instead.
- If you want a type meaning "any value", you probably want `unknown` instead  @typescript-eslint/no-empty-object-type
  4681:12  warning  The `{}` ("empty object") type allows any non-nullish value, including literals like `0` and `""`.
- If that's what you want, disable this lint rule with an inline comment or configure the 'allowObjectTypes' rule option.
- If you want a type meaning "any object", you probably want `object` instead.
- If you want a type meaning "any value", you probably want `unknown` instead  @typescript-eslint/no-empty-object-type
  4698:8   warning  The `{}` ("empty object") type allows any non-nullish value, including literals like `0` and `""`.
- If that's what you want, disable this lint rule with an inline comment or configure the 'allowObjectTypes' rule option.
- If you want a type meaning "any object", you probably want `object` instead.
- If you want a type meaning "any value", you probably want `unknown` instead  @typescript-eslint/no-empty-object-type
  4698:12  warning  The `{}` ("empty object") type allows any non-nullish value, including literals like `0` and `""`.
- If that's what you want, disable this lint rule with an inline comment or configure the 'allowObjectTypes' rule option.
- If you want a type meaning "any object", you probably want `object` instead.
- If you want a type meaning "any value", you probably want `unknown` instead  @typescript-eslint/no-empty-object-type
  4715:8   warning  The `{}` ("empty object") type allows any non-nullish value, including literals like `0` and `""`.
- If that's what you want, disable this lint rule with an inline comment or configure the 'allowObjectTypes' rule option.
- If you want a type meaning "any object", you probably want `object` instead.
- If you want a type meaning "any value", you probably want `unknown` instead  @typescript-eslint/no-empty-object-type
  4715:12  warning  The `{}` ("empty object") type allows any non-nullish value, including literals like `0` and `""`.
- If that's what you want, disable this lint rule with an inline comment or configure the 'allowObjectTypes' rule option.
- If you want a type meaning "any object", you probably want `object` instead.
- If you want a type meaning "any value", you probably want `unknown` instead  @typescript-eslint/no-empty-object-type
  4752:8   warning  The `{}` ("empty object") type allows any non-nullish value, including literals like `0` and `""`.
- If that's what you want, disable this lint rule with an inline comment or configure the 'allowObjectTypes' rule option.
- If you want a type meaning "any object", you probably want `object` instead.
- If you want a type meaning "any value", you probably want `unknown` instead  @typescript-eslint/no-empty-object-type
  4752:12  warning  The `{}` ("empty object") type allows any non-nullish value, including literals like `0` and `""`.
- If that's what you want, disable this lint rule with an inline comment or configure the 'allowObjectTypes' rule option.
- If you want a type meaning "any object", you probably want `object` instead.
- If you want a type meaning "any value", you probably want `unknown` instead  @typescript-eslint/no-empty-object-type
  4769:8   warning  The `{}` ("empty object") type allows any non-nullish value, including literals like `0` and `""`.
- If that's what you want, disable this lint rule with an inline comment or configure the 'allowObjectTypes' rule option.
- If you want a type meaning "any object", you probably want `object` instead.
- If you want a type meaning "any value", you probably want `unknown` instead  @typescript-eslint/no-empty-object-type
  4769:12  warning  The `{}` ("empty object") type allows any non-nullish value, including literals like `0` and `""`.
- If that's what you want, disable this lint rule with an inline comment or configure the 'allowObjectTypes' rule option.
- If you want a type meaning "any object", you probably want `object` instead.
- If you want a type meaning "any value", you probably want `unknown` instead  @typescript-eslint/no-empty-object-type
  4786:8   warning  The `{}` ("empty object") type allows any non-nullish value, including literals like `0` and `""`.
- If that's what you want, disable this lint rule with an inline comment or configure the 'allowObjectTypes' rule option.
- If you want a type meaning "any object", you probably want `object` instead.
- If you want a type meaning "any value", you probably want `unknown` instead  @typescript-eslint/no-empty-object-type
  4805:8   warning  The `{}` ("empty object") type allows any non-nullish value, including literals like `0` and `""`.
- If that's what you want, disable this lint rule with an inline comment or configure the 'allowObjectTypes' rule option.
- If you want a type meaning "any object", you probably want `object` instead.
- If you want a type meaning "any value", you probably want `unknown` instead  @typescript-eslint/no-empty-object-type
  4824:8   warning  The `{}` ("empty object") type allows any non-nullish value, including literals like `0` and `""`.
- If that's what you want, disable this lint rule with an inline comment or configure the 'allowObjectTypes' rule option.
- If you want a type meaning "any object", you probably want `object` instead.
- If you want a type meaning "any value", you probably want `unknown` instead  @typescript-eslint/no-empty-object-type
  4824:12  warning  The `{}` ("empty object") type allows any non-nullish value, including literals like `0` and `""`.
- If that's what you want, disable this lint rule with an inline comment or configure the 'allowObjectTypes' rule option.
- If you want a type meaning "any object", you probably want `object` instead.
- If you want a type meaning "any value", you probably want `unknown` instead  @typescript-eslint/no-empty-object-type
  4841:8   warning  The `{}` ("empty object") type allows any non-nullish value, including literals like `0` and `""`.
- If that's what you want, disable this lint rule with an inline comment or configure the 'allowObjectTypes' rule option.
- If you want a type meaning "any object", you probably want `object` instead.
- If you want a type meaning "any value", you probably want `unknown` instead  @typescript-eslint/no-empty-object-type
  4863:8   warning  The `{}` ("empty object") type allows any non-nullish value, including literals like `0` and `""`.
- If that's what you want, disable this lint rule with an inline comment or configure the 'allowObjectTypes' rule option.
- If you want a type meaning "any object", you probably want `object` instead.
- If you want a type meaning "any value", you probably want `unknown` instead  @typescript-eslint/no-empty-object-type
  4863:12  warning  The `{}` ("empty object") type allows any non-nullish value, including literals like `0` and `""`.
- If that's what you want, disable this lint rule with an inline comment or configure the 'allowObjectTypes' rule option.
- If you want a type meaning "any object", you probably want `object` instead.
- If you want a type meaning "any value", you probably want `unknown` instead  @typescript-eslint/no-empty-object-type
  4880:8   warning  The `{}` ("empty object") type allows any non-nullish value, including literals like `0` and `""`.
- If that's what you want, disable this lint rule with an inline comment or configure the 'allowObjectTypes' rule option.
- If you want a type meaning "any object", you probably want `object` instead.
- If you want a type meaning "any value", you probably want `unknown` instead  @typescript-eslint/no-empty-object-type
  4899:8   warning  The `{}` ("empty object") type allows any non-nullish value, including literals like `0` and `""`.
- If that's what you want, disable this lint rule with an inline comment or configure the 'allowObjectTypes' rule option.
- If you want a type meaning "any object", you probably want `object` instead.
- If you want a type meaning "any value", you probably want `unknown` instead  @typescript-eslint/no-empty-object-type
  4899:12  warning  The `{}` ("empty object") type allows any non-nullish value, including literals like `0` and `""`.
- If that's what you want, disable this lint rule with an inline comment or configure the 'allowObjectTypes' rule option.
- If you want a type meaning "any object", you probably want `object` instead.
- If you want a type meaning "any value", you probably want `unknown` instead  @typescript-eslint/no-empty-object-type
  4916:8   warning  The `{}` ("empty object") type allows any non-nullish value, including literals like `0` and `""`.
- If that's what you want, disable this lint rule with an inline comment or configure the 'allowObjectTypes' rule option.
- If you want a type meaning "any object", you probably want `object` instead.
- If you want a type meaning "any value", you probably want `unknown` instead  @typescript-eslint/no-empty-object-type
  4916:12  warning  The `{}` ("empty object") type allows any non-nullish value, including literals like `0` and `""`.
- If that's what you want, disable this lint rule with an inline comment or configure the 'allowObjectTypes' rule option.
- If you want a type meaning "any object", you probably want `object` instead.
- If you want a type meaning "any value", you probably want `unknown` instead  @typescript-eslint/no-empty-object-type
  4933:8   warning  The `{}` ("empty object") type allows any non-nullish value, including literals like `0` and `""`.
- If that's what you want, disable this lint rule with an inline comment or configure the 'allowObjectTypes' rule option.
- If you want a type meaning "any object", you probably want `object` instead.
- If you want a type meaning "any value", you probably want `unknown` instead  @typescript-eslint/no-empty-object-type
  4933:12  warning  The `{}` ("empty object") type allows any non-nullish value, including literals like `0` and `""`.
- If that's what you want, disable this lint rule with an inline comment or configure the 'allowObjectTypes' rule option.
- If you want a type meaning "any object", you probably want `object` instead.
- If you want a type meaning "any value", you probably want `unknown` instead  @typescript-eslint/no-empty-object-type
  4950:8   warning  The `{}` ("empty object") type allows any non-nullish value, including literals like `0` and `""`.
- If that's what you want, disable this lint rule with an inline comment or configure the 'allowObjectTypes' rule option.
- If you want a type meaning "any object", you probably want `object` instead.
- If you want a type meaning "any value", you probably want `unknown` instead  @typescript-eslint/no-empty-object-type
  4950:12  warning  The `{}` ("empty object") type allows any non-nullish value, including literals like `0` and `""`.
- If that's what you want, disable this lint rule with an inline comment or configure the 'allowObjectTypes' rule option.
- If you want a type meaning "any object", you probably want `object` instead.
- If you want a type meaning "any value", you probably want `unknown` instead  @typescript-eslint/no-empty-object-type
  4967:8   warning  The `{}` ("empty object") type allows any non-nullish value, including literals like `0` and `""`.
- If that's what you want, disable this lint rule with an inline comment or configure the 'allowObjectTypes' rule option.
- If you want a type meaning "any object", you probably want `object` instead.
- If you want a type meaning "any value", you probably want `unknown` instead  @typescript-eslint/no-empty-object-type
  4967:12  warning  The `{}` ("empty object") type allows any non-nullish value, including literals like `0` and `""`.
- If that's what you want, disable this lint rule with an inline comment or configure the 'allowObjectTypes' rule option.
- If you want a type meaning "any object", you probably want `object` instead.
- If you want a type meaning "any value", you probably want `unknown` instead  @typescript-eslint/no-empty-object-type
  4984:8   warning  The `{}` ("empty object") type allows any non-nullish value, including literals like `0` and `""`.
- If that's what you want, disable this lint rule with an inline comment or configure the 'allowObjectTypes' rule option.
- If you want a type meaning "any object", you probably want `object` instead.
- If you want a type meaning "any value", you probably want `unknown` instead  @typescript-eslint/no-empty-object-type
  4984:12  warning  The `{}` ("empty object") type allows any non-nullish value, including literals like `0` and `""`.
- If that's what you want, disable this lint rule with an inline comment or configure the 'allowObjectTypes' rule option.
- If you want a type meaning "any object", you probably want `object` instead.
- If you want a type meaning "any value", you probably want `unknown` instead  @typescript-eslint/no-empty-object-type
  5020:8   warning  The `{}` ("empty object") type allows any non-nullish value, including literals like `0` and `""`.
- If that's what you want, disable this lint rule with an inline comment or configure the 'allowObjectTypes' rule option.
- If you want a type meaning "any object", you probably want `object` instead.
- If you want a type meaning "any value", you probably want `unknown` instead  @typescript-eslint/no-empty-object-type
  5020:12  warning  The `{}` ("empty object") type allows any non-nullish value, including literals like `0` and `""`.
- If that's what you want, disable this lint rule with an inline comment or configure the 'allowObjectTypes' rule option.
- If you want a type meaning "any object", you probably want `object` instead.
- If you want a type meaning "any value", you probably want `unknown` instead  @typescript-eslint/no-empty-object-type
  5037:8   warning  The `{}` ("empty object") type allows any non-nullish value, including literals like `0` and `""`.
- If that's what you want, disable this lint rule with an inline comment or configure the 'allowObjectTypes' rule option.
- If you want a type meaning "any object", you probably want `object` instead.
- If you want a type meaning "any value", you probably want `unknown` instead  @typescript-eslint/no-empty-object-type
  5037:12  warning  The `{}` ("empty object") type allows any non-nullish value, including literals like `0` and `""`.
- If that's what you want, disable this lint rule with an inline comment or configure the 'allowObjectTypes' rule option.
- If you want a type meaning "any object", you probably want `object` instead.
- If you want a type meaning "any value", you probably want `unknown` instead  @typescript-eslint/no-empty-object-type
  5054:8   warning  The `{}` ("empty object") type allows any non-nullish value, including literals like `0` and `""`.
- If that's what you want, disable this lint rule with an inline comment or configure the 'allowObjectTypes' rule option.
- If you want a type meaning "any object", you probably want `object` instead.
- If you want a type meaning "any value", you probably want `unknown` instead  @typescript-eslint/no-empty-object-type
  5054:12  warning  The `{}` ("empty object") type allows any non-nullish value, including literals like `0` and `""`.
- If that's what you want, disable this lint rule with an inline comment or configure the 'allowObjectTypes' rule option.
- If you want a type meaning "any object", you probably want `object` instead.
- If you want a type meaning "any value", you probably want `unknown` instead  @typescript-eslint/no-empty-object-type
  5071:8   warning  The `{}` ("empty object") type allows any non-nullish value, including literals like `0` and `""`.
- If that's what you want, disable this lint rule with an inline comment or configure the 'allowObjectTypes' rule option.
- If you want a type meaning "any object", you probably want `object` instead.
- If you want a type meaning "any value", you probably want `unknown` instead  @typescript-eslint/no-empty-object-type
  5090:8   warning  The `{}` ("empty object") type allows any non-nullish value, including literals like `0` and `""`.
- If that's what you want, disable this lint rule with an inline comment or configure the 'allowObjectTypes' rule option.
- If you want a type meaning "any object", you probably want `object` instead.
- If you want a type meaning "any value", you probably want `unknown` instead  @typescript-eslint/no-empty-object-type
  5090:12  warning  The `{}` ("empty object") type allows any non-nullish value, including literals like `0` and `""`.
- If that's what you want, disable this lint rule with an inline comment or configure the 'allowObjectTypes' rule option.
- If you want a type meaning "any object", you probably want `object` instead.
- If you want a type meaning "any value", you probably want `unknown` instead  @typescript-eslint/no-empty-object-type

C:\Users\kashy\Projects\NaradaLMS\packages\types\src\text-segmentation.ts
  12:60  warning  'BaseAudioFile' is defined but never used. Allowed unused vars must match /^_/u  @typescript-eslint/no-unused-vars
  12:86  warning  'BaseChapter' is defined but never used. Allowed unused vars must match /^_/u    @typescript-eslint/no-unused-vars

C:\Users\kashy\Projects\NaradaLMS\packages\ui\src\components\badge.tsx
  36:17  warning  Fast refresh only works when a file only exports components. Use a new file to share constants or functions between components  react-refresh/only-export-components

C:\Users\kashy\Projects\NaradaLMS\packages\ui\src\components\batches\UnifiedBatchMatrix.tsx
  52:3  warning  'selectedBatchId' is defined but never used. Allowed unused args must match /^_/u  @typescript-eslint/no-unused-vars
  53:3  warning  'selectedTrackId' is defined but never used. Allowed unused args must match /^_/u  @typescript-eslint/no-unused-vars

C:\Users\kashy\Projects\NaradaLMS\packages\ui\src\components\button.tsx
  56:18  warning  Fast refresh only works when a file only exports components. Use a new file to share constants or functions between components  react-refresh/only-export-components

C:\Users\kashy\Projects\NaradaLMS\packages\ui\src\components\common\AudioPlayerControls.tsx
  72:3  warning  'onStop' is defined but never used. Allowed unused args must match /^_/u  @typescript-eslint/no-unused-vars

C:\Users\kashy\Projects\NaradaLMS\packages\ui\src\components\data-table.tsx
  30:19  warning  Compilation Skipped: Use of incompatible library

This API returns functions which cannot be memoized without leading to stale UI. To prevent this, by default React Compiler will skip memoizing this component/hook. However, you may see issues if values from this API are passed to other components/hooks that are memoized.

C:\Users\kashy\Projects\NaradaLMS\packages\ui\src\components\data-table.tsx:30:19
  28 |     data,
  29 | }: DataTableProps<TData, TValue>) {
> 30 |     const table = useReactTable({
     |                   ^^^^^^^^^^^^^ TanStack Table's `useReactTable()` API returns functions that cannot be memoized safely
  31 |         data,
  32 |         columns,
  33 |         getCoreRowModel: getCoreRowModel(),  react-hooks/incompatible-library

C:\Users\kashy\Projects\NaradaLMS\packages\ui\src\components\sidebar.tsx
    5:10  warning  'VariantProps' is defined but never used. Allowed unused vars must match /^_/u                                                                                                                                                                                                                                                                                                                                                                                                                                                                                                                                                                                                                                    @typescript-eslint/no-unused-vars
    5:24  warning  'cva' is defined but never used. Allowed unused vars must match /^_/u                                                                                                                                                                                                                                                                                                                                                                                                                                                                                                                                                                                                                                             @typescript-eslint/no-unused-vars
   12:10  warning  'Separator' is defined but never used. Allowed unused vars must match /^_/u                                                                                                                                                                                                                                                                                                                                                                                                                                                                                                                                                                                                                                       @typescript-eslint/no-unused-vars
   13:31  warning  'SheetTitle' is defined but never used. Allowed unused vars must match /^_/u                                                                                                                                                                                                                                                                                                                                                                                                                                                                                                                                                                                                                                      @typescript-eslint/no-unused-vars
   13:43  warning  'SheetDescription' is defined but never used. Allowed unused vars must match /^_/u                                                                                                                                                                                                                                                                                                                                                                                                                                                                                                                                                                                                                                @typescript-eslint/no-unused-vars
  639:30  warning  Error: Cannot call impure function during render

`Math.random` is an impure function. Calling an impure function can produce unstable results that update unpredictably when the component happens to re-render. (https://react.dev/reference/rules/components-and-hooks-must-be-pure#components-and-hooks-must-be-idempotent).

C:\Users\kashy\Projects\NaradaLMS\packages\ui\src\components\sidebar.tsx:639:30
  637 |     // Random width between 50 to 90%.
  638 |     const width = React.useMemo(() => {
> 639 |         return `${Math.floor(Math.random() * 40) + 50}%`
      |                              ^^^^^^^^^^^^^ Cannot call impure function
  640 |     }, [])
  641 |
  642 |     return (  react-hooks/purity
  752:5   warning  Fast refresh only works when a file only exports components. Use a new file to share constants or functions between components                                                                                                                                                                                                                                                                                                                                                                                                                                                                                                                                                                                    react-refresh/only-export-components

C:\Users\kashy\Projects\NaradaLMS\packages\ui\src\components\toaster.tsx
  21:18  warning  'err' is defined but never used. Allowed unused caught errors must match /^_/u  @typescript-eslint/no-unused-vars

C:\Users\kashy\Projects\NaradaLMS\packages\ui\src\components\virtualized-table-body.tsx
  64:9  warning  'totalHeight' is assigned a value but never used. Allowed unused vars must match /^_/u  @typescript-eslint/no-unused-vars

C:\Users\kashy\Projects\NaradaLMS\packages\ui\src\contexts\ContentContextLabelContext.tsx
  3:8  warning  'React' is defined but never used. Allowed unused vars must match /^_/u  @typescript-eslint/no-unused-vars

C:\Users\kashy\Projects\NaradaLMS\packages\ui\src\editor\tiptap-editor\components\bubble-menu.tsx
   65:7   warning  Expected an assignment or function call and instead saw an expression                                                                                                                                                                                                                                                                                                                                                                                                                                                                                                                                                                                                                                                                                                                               @typescript-eslint/no-unused-expressions
   87:6   warning  React Hook useCallback has a missing dependency: 'refs'. Either include it or remove the dependency array                                                                                                                                                                                                                                                                                                                                                                                                                                                                                                                                                                                                                                                                                           react-hooks/exhaustive-deps
  106:6   warning  Error: Cannot access refs during render

React refs are values that are not needed for rendering. Refs should only be accessed outside of render, such as in event handlers or effects. Accessing a ref value (the `current` property) during render can cause your component not to update as expected (https://react.dev/reference/react/useRef).

C:\Users\kashy\Projects\NaradaLMS\packages\ui\src\editor\tiptap-editor\components\bubble-menu.tsx:106:6
  104 |       editorDOM.removeEventListener("blur", handleBlur);
  105 |     };
> 106 |   }, [editor, isOpen, handleOpenChange, refs.floating]);
      |      ^^^^^^^^^^^^^^^^^^^^^^^^^^^^^^^^^^^^^^^^^^^^^^^^^ Cannot access ref value during render
  107 |
  108 |   useEffect(() => {
  109 |     if (!editor || !isOpen) return;  react-hooks/refs
  106:41  warning  Error: Cannot access refs during render

React refs are values that are not needed for rendering. Refs should only be accessed outside of render, such as in event handlers or effects. Accessing a ref value (the `current` property) during render can cause your component not to update as expected (https://react.dev/reference/react/useRef).

C:\Users\kashy\Projects\NaradaLMS\packages\ui\src\editor\tiptap-editor\components\bubble-menu.tsx:106:41
  104 |       editorDOM.removeEventListener("blur", handleBlur);
  105 |     };
> 106 |   }, [editor, isOpen, handleOpenChange, refs.floating]);
      |                                         ^^^^^^^^^^^^^ Cannot access ref value during render
  107 |
  108 |   useEffect(() => {
  109 |     if (!editor || !isOpen) return;  react-hooks/refs
  145:12  warning  Error: Cannot access refs during render

React refs are values that are not needed for rendering. Refs should only be accessed outside of render, such as in event handlers or effects. Accessing a ref value (the `current` property) during render can cause your component not to update as expected (https://react.dev/reference/react/useRef).

C:\Users\kashy\Projects\NaradaLMS\packages\ui\src\editor\tiptap-editor\components\bubble-menu.tsx:145:12
  143 |   return createPortal(
  144 |     <div
> 145 |       ref={refs.setFloating}
      |            ^^^^^^^^^^^^^^^^ Cannot access ref value during render
  146 |       className={cn("rte-bubble-menu", className)}
  147 |       style={{
  148 |         ...floatingStyles,                                                   react-hooks/refs

C:\Users\kashy\Projects\NaradaLMS\packages\ui\src\editor\tiptap-editor\components\controls\emoji-popover.tsx
  1:17  warning  'useCallback' is defined but never used. Allowed unused vars must match /^_/u      @typescript-eslint/no-unused-vars
  6:10  warning  'useTiptapEditor' is defined but never used. Allowed unused vars must match /^_/u  @typescript-eslint/no-unused-vars

C:\Users\kashy\Projects\NaradaLMS\packages\ui\src\editor\tiptap-editor\components\controls\image-button.tsx
   1:17  warning  'ChangeEvent' is defined but never used. Allowed unused vars must match /^_/u      @typescript-eslint/no-unused-vars
   1:30  warning  'Fragment' is defined but never used. Allowed unused vars must match /^_/u         @typescript-eslint/no-unused-vars
   1:40  warning  'useCallback' is defined but never used. Allowed unused vars must match /^_/u      @typescript-eslint/no-unused-vars
   1:53  warning  'useRef' is defined but never used. Allowed unused vars must match /^_/u           @typescript-eslint/no-unused-vars
  11:22  warning  'insert' is assigned a value but never used. Allowed unused vars must match /^_/u  @typescript-eslint/no-unused-vars

C:\Users\kashy\Projects\NaradaLMS\packages\ui\src\editor\tiptap-editor\components\controls\insert-dropdown.tsx
  18:22  warning  'canInsertTable' is assigned a value but never used. Allowed unused vars must match /^_/u  @typescript-eslint/no-unused-vars

C:\Users\kashy\Projects\NaradaLMS\packages\ui\src\editor\tiptap-editor\components\controls\text-background-popover.tsx
  26:16  warning  Error: Cannot access refs during render

React refs are values that are not needed for rendering. Refs should only be accessed outside of render, such as in event handlers or effects. Accessing a ref value (the `current` property) during render can cause your component not to update as expected (https://react.dev/reference/react/useRef).

C:\Users\kashy\Projects\NaradaLMS\packages\ui\src\editor\tiptap-editor\components\controls\text-background-popover.tsx:26:16
  24 |
  25 |   const renderBar =
> 26 |     mounted && buttonRef.current
     |                ^^^^^^^^^^^^^^^^^ Cannot access ref value during render
  27 |       ? createPortal(<div style={colorBarStyle} />, buttonRef.current)
  28 |       : null;
  29 |                                                                         react-hooks/refs
  27:53  warning  Error: Cannot access refs during render

React refs are values that are not needed for rendering. Refs should only be accessed outside of render, such as in event handlers or effects. Accessing a ref value (the `current` property) during render can cause your component not to update as expected (https://react.dev/reference/react/useRef).

C:\Users\kashy\Projects\NaradaLMS\packages\ui\src\editor\tiptap-editor\components\controls\text-background-popover.tsx:27:53
  25 |   const renderBar =
  26 |     mounted && buttonRef.current
> 27 |       ? createPortal(<div style={colorBarStyle} />, buttonRef.current)
     |                                                     ^^^^^^^^^^^^^^^^^ Passing a ref to a function may read its value during render
  28 |       : null;
  29 |
  30 |   return (  react-hooks/refs

C:\Users\kashy\Projects\NaradaLMS\packages\ui\src\editor\tiptap-editor\components\controls\text-color-popover.tsx
  27:16  warning  Error: Cannot access refs during render

React refs are values that are not needed for rendering. Refs should only be accessed outside of render, such as in event handlers or effects. Accessing a ref value (the `current` property) during render can cause your component not to update as expected (https://react.dev/reference/react/useRef).

C:\Users\kashy\Projects\NaradaLMS\packages\ui\src\editor\tiptap-editor\components\controls\text-color-popover.tsx:27:16
  25 |
  26 |   const renderBar =
> 27 |     mounted && buttonRef.current
     |                ^^^^^^^^^^^^^^^^^ Cannot access ref value during render
  28 |       ? createPortal(<div style={colorBarStyle} />, buttonRef.current)
  29 |       : null;
  30 |                                                                         react-hooks/refs
  28:53  warning  Error: Cannot access refs during render

React refs are values that are not needed for rendering. Refs should only be accessed outside of render, such as in event handlers or effects. Accessing a ref value (the `current` property) during render can cause your component not to update as expected (https://react.dev/reference/react/useRef).

C:\Users\kashy\Projects\NaradaLMS\packages\ui\src\editor\tiptap-editor\components\controls\text-color-popover.tsx:28:53
  26 |   const renderBar =
  27 |     mounted && buttonRef.current
> 28 |       ? createPortal(<div style={colorBarStyle} />, buttonRef.current)
     |                                                     ^^^^^^^^^^^^^^^^^ Passing a ref to a function may read its value during render
  29 |       : null;
  30 |
  31 |   return (  react-hooks/refs

C:\Users\kashy\Projects\NaradaLMS\packages\ui\src\editor\tiptap-editor\components\drag-handle.tsx
   58:5   warning  Compilation Skipped: Existing memoization could not be preserved

React Compiler has skipped optimizing this component because the existing manual memoization could not be preserved. The inferred dependencies did not match the manually specified dependencies, which could cause the value to change more or less frequently than expected. The inferred dependency was `scrollToNode`, but the source dependencies were [editor]. Inferred different dependency than source.

C:\Users\kashy\Projects\NaradaLMS\packages\ui\src\editor\tiptap-editor\components\drag-handle.tsx:58:5
  56 |
  57 |   const handleMove = useCallback(
> 58 |     (direction: "up" | "down") => {
     |     ^^^^^^^^^^^^^^^^^^^^^^^^^^^^^^^
> 59 |       const success = moveNode(editor, direction);
     | ^^^^^^^^^^^^^^^^^^^^^^^^^^^^^^^^^^^^^^^^^^^^^^^^^^
> 60 |       if (success) {
     | ^^^^^^^^^^^^^^^^^^^^^^^^^^^^^^^^^^^^^^^^^^^^^^^^^^
> 61 |         setOpen(false);
     | ^^^^^^^^^^^^^^^^^^^^^^^^^^^^^^^^^^^^^^^^^^^^^^^^^^
> 62 |         scrollToNode();
     | ^^^^^^^^^^^^^^^^^^^^^^^^^^^^^^^^^^^^^^^^^^^^^^^^^^
> 63 |       }
     | ^^^^^^^^^^^^^^^^^^^^^^^^^^^^^^^^^^^^^^^^^^^^^^^^^^
> 64 |     },
     | ^^^^^^ Could not preserve existing manual memoization
  65 |     [editor]
  66 |   );
  67 |  react-hooks/preserve-manual-memoization
   65:5   warning  React Hook useCallback has a missing dependency: 'scrollToNode'. Either include it or remove the dependency array                                                                                                                                                                                                                                                                                                                                                                                                                                                                                                                                                                                                                                                                                                                                                                                                                                                                                                                                                                                                                                                                                                                                                                                                        react-hooks/exhaustive-deps
  108:33  warning  Compilation Skipped: Existing memoization could not be preserved

React Compiler has skipped optimizing this component because the existing manual memoization could not be preserved. The inferred dependencies did not match the manually specified dependencies, which could cause the value to change more or less frequently than expected. The inferred dependency was `handleCopy`, but the source dependencies were [editor, node, nodePos]. Inferred different dependency than source.

C:\Users\kashy\Projects\NaradaLMS\packages\ui\src\editor\tiptap-editor\components\drag-handle.tsx:108:33
  106 |   }, [editor, node, nodePos]);
  107 |
> 108 |   const handleCut = useCallback(async () => {
      |                                 ^^^^^^^^^^^^^
> 109 |     const success = await handleCopy();
      | ^^^^^^^^^^^^^^^^^^^^^^^^^^^^^^^^^^^^^^^
> 110 |     if (success) {
      | ^^^^^^^^^^^^^^^^^^^^^^^^^^^^^^^^^^^^^^^
> 111 |       handleDelete();
      | ^^^^^^^^^^^^^^^^^^^^^^^^^^^^^^^^^^^^^^^
> 112 |     }
      | ^^^^^^^^^^^^^^^^^^^^^^^^^^^^^^^^^^^^^^^
> 113 |   }, [editor, node, nodePos]);
      | ^^^^ Could not preserve existing manual memoization
  114 |
  115 |   if (!editor) return null;
  116 |                                                                       react-hooks/preserve-manual-memoization
  108:33  warning  Compilation Skipped: Existing memoization could not be preserved

React Compiler has skipped optimizing this component because the existing manual memoization could not be preserved. The inferred dependencies did not match the manually specified dependencies, which could cause the value to change more or less frequently than expected. The inferred dependency was `handleDelete`, but the source dependencies were [editor, node, nodePos]. Inferred different dependency than source.

C:\Users\kashy\Projects\NaradaLMS\packages\ui\src\editor\tiptap-editor\components\drag-handle.tsx:108:33
  106 |   }, [editor, node, nodePos]);
  107 |
> 108 |   const handleCut = useCallback(async () => {
      |                                 ^^^^^^^^^^^^^
> 109 |     const success = await handleCopy();
      | ^^^^^^^^^^^^^^^^^^^^^^^^^^^^^^^^^^^^^^^
> 110 |     if (success) {
      | ^^^^^^^^^^^^^^^^^^^^^^^^^^^^^^^^^^^^^^^
> 111 |       handleDelete();
      | ^^^^^^^^^^^^^^^^^^^^^^^^^^^^^^^^^^^^^^^
> 112 |     }
      | ^^^^^^^^^^^^^^^^^^^^^^^^^^^^^^^^^^^^^^^
> 113 |   }, [editor, node, nodePos]);
      | ^^^^ Could not preserve existing manual memoization
  114 |
  115 |   if (!editor) return null;
  116 |                                                                     react-hooks/preserve-manual-memoization
  113:6   warning  React Hook useCallback has missing dependencies: 'handleCopy' and 'handleDelete'. Either include them or remove the dependency array                                                                                                                                                                                                                                                                                                                                                                                                                                                                                                                                                                                                                                                                                                                                                                                                                                                                                                                                                                                                                                                                                                                                                                                     react-hooks/exhaustive-deps

C:\Users\kashy\Projects\NaradaLMS\packages\ui\src\editor\tiptap-editor\components\icons\TextColor.tsx
  5:50  warning  'props' is defined but never used. Allowed unused args must match /^_/u  @typescript-eslint/no-unused-vars

C:\Users\kashy\Projects\NaradaLMS\packages\ui\src\editor\tiptap-editor\components\icons\icons.ts
  75:3  warning  'TbLeaf' is defined but never used. Allowed unused vars must match /^_/u   @typescript-eslint/no-unused-vars
  76:3  warning  'TbApple' is defined but never used. Allowed unused vars must match /^_/u  @typescript-eslint/no-unused-vars

C:\Users\kashy\Projects\NaradaLMS\packages\ui\src\editor\tiptap-editor\components\menu-bar.tsx
  22:10  warning  'Tabs' is defined but never used. Allowed unused vars must match /^_/u         @typescript-eslint/no-unused-vars
  22:16  warning  'TabsList' is defined but never used. Allowed unused vars must match /^_/u     @typescript-eslint/no-unused-vars
  22:26  warning  'TabsTrigger' is defined but never used. Allowed unused vars must match /^_/u  @typescript-eslint/no-unused-vars

C:\Users\kashy\Projects\NaradaLMS\packages\ui\src\editor\tiptap-editor\components\menu-button.tsx
  38:7  warning  'className' is defined but never used. Allowed unused args must match /^_/u  @typescript-eslint/no-unused-vars

C:\Users\kashy\Projects\NaradaLMS\packages\ui\src\editor\tiptap-editor\components\menus\link-menu\link-edit.tsx
  35:5  warning  Error: Calling setState synchronously within an effect can trigger cascading renders

Effects are intended to synchronize state between React and external systems such as manually updating the DOM, state management libraries, or other platform APIs. In general, the body of an effect should do one or both of the following:
* Update external systems with the latest state from React.
* Subscribe for updates from some external system, calling setState in a callback function when external state changes.

Calling setState synchronously within an effect body causes cascading renders that can hurt performance, and is not recommended. (https://react.dev/learn/you-might-not-need-an-effect).

C:\Users\kashy\Projects\NaradaLMS\packages\ui\src\editor\tiptap-editor\components\menus\link-menu\link-edit.tsx:35:5
  33 |   useEffect(() => {
  34 |     // if (!isCreate) {
> 35 |     setCanSubmit((url && url !== initialUrl) || text !== initialText);
     |     ^^^^^^^^^^^^ Avoid calling setState() directly within an effect
  36 |     // }
  37 |   }, [text, url]);
  38 |  react-hooks/set-state-in-effect
  37:6  warning  React Hook useEffect has missing dependencies: 'initialText' and 'initialUrl'. Either include them or remove the dependency array. If 'setCanSubmit' needs the current value of 'initialUrl', you can also switch to useReducer instead of useState and read 'initialUrl' in the reducer                                                                                                                                                                                                                                                                                                                                                                                                                                                                                                                                                                                                                                                                                                                                                                                                                     react-hooks/exhaustive-deps

C:\Users\kashy\Projects\NaradaLMS\packages\ui\src\editor\tiptap-editor\components\menus\link-menu\link-menu.tsx
  13:7  warning  Error: Calling setState synchronously within an effect can trigger cascading renders

Effects are intended to synchronize state between React and external systems such as manually updating the DOM, state management libraries, or other platform APIs. In general, the body of an effect should do one or both of the following:
* Update external systems with the latest state from React.
* Subscribe for updates from some external system, calling setState in a callback function when external state changes.

Calling setState synchronously within an effect body causes cascading renders that can hurt performance, and is not recommended. (https://react.dev/learn/you-might-not-need-an-effect).

C:\Users\kashy\Projects\NaradaLMS\packages\ui\src\editor\tiptap-editor\components\menus\link-menu\link-menu.tsx:13:7
  11 |   useEffect(() => {
  12 |     if (!link?.href) {
> 13 |       setIsEditing(true);
     |       ^^^^^^^^^^^^ Avoid calling setState() directly within an effect
  14 |     }
  15 |   }, [link]);
  16 |  react-hooks/set-state-in-effect

C:\Users\kashy\Projects\NaradaLMS\packages\ui\src\editor\tiptap-editor\components\provider.tsx
   5:10  warning  'getEditorContent' is defined but never used. Allowed unused vars must match /^_/u                                              @typescript-eslint/no-unused-vars
  17:14  warning  Fast refresh only works when a file only exports components. Use a new file to share constants or functions between components  react-refresh/only-export-components

C:\Users\kashy\Projects\NaradaLMS\packages\ui\src\editor\tiptap-editor\components\status-bar.tsx
  18:5  warning  'isSourceMode' is assigned a value but never used. Allowed unused vars must match /^_/u      @typescript-eslint/no-unused-vars
  20:5  warning  'toggleSourceMode' is assigned a value but never used. Allowed unused vars must match /^_/u  @typescript-eslint/no-unused-vars

C:\Users\kashy\Projects\NaradaLMS\packages\ui\src\editor\tiptap-editor\components\table-builder.tsx
  21:5  warning  Compilation Skipped: Existing memoization could not be preserved

React Compiler has skipped optimizing this component because the existing manual memoization could not be preserved. The inferred dependencies did not match the manually specified dependencies, which could cause the value to change more or less frequently than expected. The inferred dependency was `isActiveCell`, but the source dependencies were [gridSize]. Inferred different dependency than source.

C:\Users\kashy\Projects\NaradaLMS\packages\ui\src\editor\tiptap-editor\components\table-builder.tsx:21:5
  19 |
  20 |   const grid = useMemo(
> 21 |     () =>
     |     ^^^^^
> 22 |       Array.from({ length: ROWS }, (_, rowIndex) => (
     | ^^^^^^^^^^^^^^^^^^^^^^^^^^^^^^^^^^^^^^^^^^^^^^^^^^^^^
> 23 |         <div key={`row-${rowIndex}`} className="rte-tb__row">
     ΓÇª
     | ^^^^^^^^^^^^^^^^^^^^^^^^^^^^^^^^^^^^^^^^^^^^^^^^^^^^^
> 37 |         </div>
     | ^^^^^^^^^^^^^^^^^^^^^^^^^^^^^^^^^^^^^^^^^^^^^^^^^^^^^
> 38 |       )),
     | ^^^^^^^^^ Could not preserve existing manual memoization
  39 |     [gridSize]
  40 |   );
  41 |  react-hooks/preserve-manual-memoization
  21:5  warning  Compilation Skipped: Existing memoization could not be preserved

React Compiler has skipped optimizing this component because the existing manual memoization could not be preserved. The inferred dependencies did not match the manually specified dependencies, which could cause the value to change more or less frequently than expected. The inferred dependency was `onCreate`, but the source dependencies were [gridSize]. Inferred different dependency than source.

C:\Users\kashy\Projects\NaradaLMS\packages\ui\src\editor\tiptap-editor\components\table-builder.tsx:21:5
  19 |
  20 |   const grid = useMemo(
> 21 |     () =>
     |     ^^^^^
> 22 |       Array.from({ length: ROWS }, (_, rowIndex) => (
     | ^^^^^^^^^^^^^^^^^^^^^^^^^^^^^^^^^^^^^^^^^^^^^^^^^^^^^
> 23 |         <div key={`row-${rowIndex}`} className="rte-tb__row">
     ΓÇª
     | ^^^^^^^^^^^^^^^^^^^^^^^^^^^^^^^^^^^^^^^^^^^^^^^^^^^^^
> 37 |         </div>
     | ^^^^^^^^^^^^^^^^^^^^^^^^^^^^^^^^^^^^^^^^^^^^^^^^^^^^^
> 38 |       )),
     | ^^^^^^^^^ Could not preserve existing manual memoization
  39 |     [gridSize]
  40 |   );
  41 |      react-hooks/preserve-manual-memoization
  39:5  warning  React Hook useMemo has missing dependencies: 'isActiveCell' and 'onCreate'. Either include them or remove the dependency array. If 'onCreate' changes too often, find the parent component that defines it and wrap that definition in useCallback                                                                                                                                                                                                                                                                                                                                                                                                                                                                                                                                                                                                                                                                                                                                                                                                                                                                                                      react-hooks/exhaustive-deps

C:\Users\kashy\Projects\NaradaLMS\packages\ui\src\editor\tiptap-editor\components\tiptap-editor.tsx
    5:3   warning  'useCallback' is defined but never used. Allowed unused vars must match /^_/u                                                                                                                                                                                                                                                                                                                                                                                                                                                                                                                                                                                                                                                                                                                                                                                                                                                                                                                                                                                                                                                                                                                                                                                                                                                                                                                        @typescript-eslint/no-unused-vars
    9:3   warning  'useState' is defined but never used. Allowed unused vars must match /^_/u                                                                                                                                                                                                                                                                                                                                                                                                                                                                                                                                                                                                                                                                                                                                                                                                                                                                                                                                                                                                                                                                                                                                                                                                                                                                                                                           @typescript-eslint/no-unused-vars
   23:10  warning  'Tabs' is defined but never used. Allowed unused vars must match /^_/u                                                                                                                                                                                                                                                                                                                                                                                                                                                                                                                                                                                                                                                                                                                                                                                                                                                                                                                                                                                                                                                                                                                                                                                                                                                                                                                               @typescript-eslint/no-unused-vars
   23:16  warning  'TabsList' is defined but never used. Allowed unused vars must match /^_/u                                                                                                                                                                                                                                                                                                                                                                                                                                                                                                                                                                                                                                                                                                                                                                                                                                                                                                                                                                                                                                                                                                                                                                                                                                                                                                                           @typescript-eslint/no-unused-vars
   23:26  warning  'TabsTrigger' is defined but never used. Allowed unused vars must match /^_/u                                                                                                                                                                                                                                                                                                                                                                                                                                                                                                                                                                                                                                                                                                                                                                                                                                                                                                                                                                                                                                                                                                                                                                                                                                                                                                                        @typescript-eslint/no-unused-vars
   24:10  warning  'Loader2' is defined but never used. Allowed unused vars must match /^_/u                                                                                                                                                                                                                                                                                                                                                                                                                                                                                                                                                                                                                                                                                                                                                                                                                                                                                                                                                                                                                                                                                                                                                                                                                                                                                                                            @typescript-eslint/no-unused-vars
   31:7   warning  'htmlToPlainText' is assigned a value but never used. Allowed unused vars must match /^_/u                                                                                                                                                                                                                                                                                                                                                                                                                                                                                                                                                                                                                                                                                                                                                                                                                                                                                                                                                                                                                                                                                                                                                                                                                                                                                                           @typescript-eslint/no-unused-vars
  113:18  warning  Error: Cannot access refs during render

React refs are values that are not needed for rendering. Refs should only be accessed outside of render, such as in event handlers or effects. Accessing a ref value (the `current` property) during render can cause your component not to update as expected (https://react.dev/reference/react/useRef).

C:\Users\kashy\Projects\NaradaLMS\packages\ui\src\editor\tiptap-editor\components\tiptap-editor.tsx:113:18
  111 |     const throttledUpdate = useMemo(
  112 |       () =>
> 113 |         throttle(({ editor }: { editor: Editor }) => {
      |                  ^^^^^^^^^^^^^^^^^^^^^^^^^^^^^^^^^^^^^
> 114 |           const changeHandler = onChangeRef.current;
      | ^^^^^^^^^^^^^^^^^^^^^^^^^^^^^^^^^^^^^^^^^^^^^^^^^^^^
> 115 |           if (!changeHandler) return;
      | ^^^^^^^^^^^^^^^^^^^^^^^^^^^^^^^^^^^^^^^^^^^^^^^^^^^^
> 116 |
      | ^^^^^^^^^^^^^^^^^^^^^^^^^^^^^^^^^^^^^^^^^^^^^^^^^^^^
> 117 |           const content = getEditorContent(editor, outputRef.current);
      | ^^^^^^^^^^^^^^^^^^^^^^^^^^^^^^^^^^^^^^^^^^^^^^^^^^^^
> 118 |           changeHandler(content);
      | ^^^^^^^^^^^^^^^^^^^^^^^^^^^^^^^^^^^^^^^^^^^^^^^^^^^^
> 119 |         }, throttleDelay),
      | ^^^^^^^^^^ Passing a ref to a function may read its value during render
  120 |       [throttleDelay]
  121 |     );
  122 |  react-hooks/refs

C:\Users\kashy\Projects\NaradaLMS\packages\ui\src\editor\tiptap-editor\hooks\use-code-block.ts
  3:10  warning  'isNodeSelection' is defined but never used. Allowed unused vars must match /^_/u  @typescript-eslint/no-unused-vars

C:\Users\kashy\Projects\NaradaLMS\packages\ui\src\editor\tiptap-editor\hooks\use-copy-to-clipboard.ts
  14:14  warning  'error' is defined but never used. Allowed unused caught errors must match /^_/u  @typescript-eslint/no-unused-vars

C:\Users\kashy\Projects\NaradaLMS\packages\ui\src\editor\tiptap-editor\hooks\use-heading.ts
  3:10  warning  'isNodeSelection' is defined but never used. Allowed unused vars must match /^_/u  @typescript-eslint/no-unused-vars

C:\Users\kashy\Projects\NaradaLMS\packages\ui\src\editor\tiptap-editor\hooks\use-image.ts
  189:32  warning  Compilation Skipped: Existing memoization could not be preserved

React Compiler has skipped optimizing this component because the existing manual memoization could not be preserved. The inferred dependencies did not match the manually specified dependencies, which could cause the value to change more or less frequently than expected. The inferred dependency was `editorState.imageData`, but the source dependencies were [editorState.imageData?.src]. Inferred less specific property than source.

C:\Users\kashy\Projects\NaradaLMS\packages\ui\src\editor\tiptap-editor\hooks\use-image.ts:189:32
  187 |   }, [editor]);
  188 |
> 189 |   const download = useCallback(() => {
      |                                ^^^^^^^
> 190 |     if (editorState.imageData?.src) {
      | ^^^^^^^^^^^^^^^^^^^^^^^^^^^^^^^^^^^^^
> 191 |       downloadImage(editorState.imageData.src);
      | ^^^^^^^^^^^^^^^^^^^^^^^^^^^^^^^^^^^^^
> 192 |     }
      | ^^^^^^^^^^^^^^^^^^^^^^^^^^^^^^^^^^^^^
> 193 |   }, [editorState.imageData?.src]);
      | ^^^^ Could not preserve existing manual memoization
  194 |
  195 |   return {
  196 |     ...editorState,  react-hooks/preserve-manual-memoization

C:\Users\kashy\Projects\NaradaLMS\packages\ui\src\editor\tiptap-editor\hooks\use-list.ts
  3:10  warning  'isNodeSelection' is defined but never used. Allowed unused vars must match /^_/u  @typescript-eslint/no-unused-vars

C:\Users\kashy\Projects\NaradaLMS\packages\ui\src\editor\tiptap-editor\hooks\use-mount.ts
  6:19  warning  Error: Calling setState synchronously within an effect can trigger cascading renders

Effects are intended to synchronize state between React and external systems such as manually updating the DOM, state management libraries, or other platform APIs. In general, the body of an effect should do one or both of the following:
* Update external systems with the latest state from React.
* Subscribe for updates from some external system, calling setState in a callback function when external state changes.

Calling setState synchronously within an effect body causes cascading renders that can hurt performance, and is not recommended. (https://react.dev/learn/you-might-not-need-an-effect).

C:\Users\kashy\Projects\NaradaLMS\packages\ui\src\editor\tiptap-editor\hooks\use-mount.ts:6:19
  4 |   const [mounted, setMounted] = useState(false);
  5 |
> 6 |   useEffect(() => setMounted(true), []);
    |                   ^^^^^^^^^^ Avoid calling setState() directly within an effect
  7 |
  8 |   return mounted;
  9 | }  react-hooks/set-state-in-effect

C:\Users\kashy\Projects\NaradaLMS\packages\ui\src\editor\tiptap-editor\hooks\use-resizable.ts
   73:5  warning  React Hook useCallback has an unnecessary dependency: 'element'. Either exclude it or remove the dependency array                                                                                                                                                                                                                                                                                                                                                                                                                                           react-hooks/exhaustive-deps
  106:7  warning  Error: This value cannot be modified

Modifying component props or hook arguments is not allowed. Consider using a local variable instead.

C:\Users\kashy\Projects\NaradaLMS\packages\ui\src\editor\tiptap-editor\hooks\use-resizable.ts:106:7
  104 |
  105 |       // Update element styles immediately
> 106 |       element.style.width = `${newWidth}px`;
      |       ^^^^^^^^^^^^^ `element` cannot be modified
  107 |       element.style.height = `${newHeight}px`;
  108 |
  109 |       // Update rect state immediately for visual feedback  react-hooks/immutability
  120:5  warning  React Hook useCallback has a missing dependency: 'onResize'. Either include it or remove the dependency array                                                                                                                                                                                                                                                                                                                                                                                                                                               react-hooks/exhaustive-deps

C:\Users\kashy\Projects\NaradaLMS\packages\ui\src\editor\tiptap-editor\hooks\use-table.ts
  3:10  warning  'CellSelection' is defined but never used. Allowed unused vars must match /^_/u  @typescript-eslint/no-unused-vars

C:\Users\kashy\Projects\NaradaLMS\packages\ui\src\hooks\use-toast.ts
  18:7  warning  'actionTypes' is assigned a value but only used as a type. Allowed unused vars must match /^_/u  @typescript-eslint/no-unused-vars

C:\Users\kashy\Projects\NaradaLMS\packages\ui\src\lib\navigation-config.ts
  3:5  warning  'BookOpen' is defined but never used. Allowed unused vars must match /^_/u  @typescript-eslint/no-unused-vars

C:\Users\kashy\Projects\NaradaLMS\scripts\test\admin-batches-smoke.ts
  1:10  warning  'request' is defined but never used. Allowed unused vars must match /^_/u  @typescript-eslint/no-unused-vars

C:\Users\kashy\Projects\NaradaLMS\scripts\test\api-smoke-test.ts
  227:29  warning  'data' is assigned a value but never used. Allowed unused vars must match /^_/u    @typescript-eslint/no-unused-vars
  245:11  warning  'passed' is assigned a value but never used. Allowed unused vars must match /^_/u  @typescript-eslint/no-unused-vars

C:\Users\kashy\Projects\NaradaLMS\scripts\test\auth-test.ts
  169:7   warning  'quickMode' is assigned a value but never used. Allowed unused vars must match /^_/u  @typescript-eslint/no-unused-vars
  308:68  warning  Empty block statement                                                                 no-empty

C:\Users\kashy\Projects\NaradaLMS\scripts\utils\check-and-reset-proficiency.ts
  9:10  warning  'inArray' is defined but never used. Allowed unused vars must match /^_/u  @typescript-eslint/no-unused-vars

C:\Users\kashy\Projects\NaradaLMS\scripts\utils\check-instructor-batches.ts
  3:14  warning  'or' is defined but never used. Allowed unused vars must match /^_/u       @typescript-eslint/no-unused-vars
  3:18  warning  'inArray' is defined but never used. Allowed unused vars must match /^_/u  @typescript-eslint/no-unused-vars

C:\Users\kashy\Projects\NaradaLMS\server\auth\jwt.utils.ts
  31:12  warning  'err' is defined but never used. Allowed unused caught errors must match /^_/u  @typescript-eslint/no-unused-vars

C:\Users\kashy\Projects\NaradaLMS\server\auth\passport-config.ts
  54:9  warning  Unused eslint-disable directive (no problems were reported from '@typescript-eslint/no-explicit-any')

C:\Users\kashy\Projects\NaradaLMS\server\index.ts
   3:24  warning  'Request' is defined but never used. Allowed unused vars must match /^_/u                        @typescript-eslint/no-unused-vars
   3:33  warning  'Response' is defined but never used. Allowed unused vars must match /^_/u                       @typescript-eslint/no-unused-vars
   3:43  warning  'NextFunction' is defined but never used. Allowed unused vars must match /^_/u                   @typescript-eslint/no-unused-vars
   7:10  warning  'LOG_TRUNCATE_LENGTH' is defined but never used. Allowed unused vars must match /^_/u            @typescript-eslint/no-unused-vars
   7:31  warning  'DEFAULT_ERROR_STATUS' is defined but never used. Allowed unused vars must match /^_/u           @typescript-eslint/no-unused-vars
   8:8   warning  'path' is defined but never used. Allowed unused vars must match /^_/u                           @typescript-eslint/no-unused-vars
  91:7   warning  'capturedJsonResponse' is assigned a value but never used. Allowed unused vars must match /^_/u  @typescript-eslint/no-unused-vars

C:\Users\kashy\Projects\NaradaLMS\server\modules\batch-cohort\storage.ts
  114:15  warning  'primaryInstructorFirstName' is assigned a value but never used. Allowed unused vars must match /^_/u  @typescript-eslint/no-unused-vars
  114:43  warning  'primaryInstructorLastName' is assigned a value but never used. Allowed unused vars must match /^_/u   @typescript-eslint/no-unused-vars
  353:9   warning  'query' is never reassigned. Use 'const' instead                                                       prefer-const

C:\Users\kashy\Projects\NaradaLMS\server\modules\learning-delivery\service.ts
   14:19  warning  'or' is defined but never used. Allowed unused vars must match /^_/u  @typescript-eslint/no-unused-vars
  344:9   warning  'progressByChapter' is never reassigned. Use 'const' instead          prefer-const
  377:9   warning  'evaluatorNames' is never reassigned. Use 'const' instead             prefer-const

C:\Users\kashy\Projects\NaradaLMS\server\routes\admin.routes.ts
  6:37  warning  'NextFunction' is defined but never used. Allowed unused vars must match /^_/u  @typescript-eslint/no-unused-vars

C:\Users\kashy\Projects\NaradaLMS\server\routes\content.routes.ts
  518:13  warning  Empty block statement  no-empty

C:\Users\kashy\Projects\NaradaLMS\server\routes\identity.routes.ts
  4:10  warning  'authMiddleware' is defined but never used. Allowed unused vars must match /^_/u  @typescript-eslint/no-unused-vars
  6:30  warning  'JWTPayload' is defined but never used. Allowed unused vars must match /^_/u      @typescript-eslint/no-unused-vars

C:\Users\kashy\Projects\NaradaLMS\server\routes\learning.routes.ts
  6:37  warning  'NextFunction' is defined but never used. Allowed unused vars must match /^_/u  @typescript-eslint/no-unused-vars

C:\Users\kashy\Projects\NaradaLMS\server\routes\media.routes.ts
   8:10  warning  'parseFile' is defined but never used. Allowed unused vars must match /^_/u            @typescript-eslint/no-unused-vars
   9:10  warning  'FILE_UPLOAD' is defined but never used. Allowed unused vars must match /^_/u          @typescript-eslint/no-unused-vars
  13:10  warning  'createErrorResponse' is defined but never used. Allowed unused vars must match /^_/u  @typescript-eslint/no-unused-vars
  25:7   warning  'upload' is assigned a value but never used. Allowed unused vars must match /^_/u      @typescript-eslint/no-unused-vars

C:\Users\kashy\Projects\NaradaLMS\server\shared\events\event-bus.ts
  8:10  warning  'DomainEvent' is defined but never used. Allowed unused vars must match /^_/u  @typescript-eslint/no-unused-vars

C:\Users\kashy\Projects\NaradaLMS\server\shared\types.ts
  2:5  warning  ES2015 module syntax is preferred over namespaces  @typescript-eslint/no-namespace

C:\Users\kashy\Projects\NaradaLMS\server\utils\logger.ts
  63:81  warning  'body' is defined but never used. Allowed unused args must match /^_/u  @typescript-eslint/no-unused-vars

Γ£û 640 problems (0 errors, 640 warnings)
  0 errors and 6 warnings potentially fixable with the `--fix` option.

